ags,ags_name,election_date,eligible_voters,turnout,total_votes,cdu_csu,spd,fdp,afd,gruene,linke_pds,ad_demokraten,other
5111000,"Düsseldorf, krfr. Stadt",2017-05-14,412309,0.676931622,279105,0.308728736,0.265883569,0.174321805,0.063299418,0.081144947,0.061572314,0.001170672,0.043878539
5112000,"Duisburg, krfr. Stadt",2017-05-14,328549,0.58398595,191868,0.233380743,0.376713741,0.094240561,0.11593429,0.049404387,0.060042404,0.007143122,0.063140753
5113000,"Essen, krfr. Stadt",2017-05-14,419870,0.638335675,268018,0.276982458,0.333574568,0.119064312,0.098193757,0.062242275,0.056158642,0.001443638,0.052340352
5114000,"Krefeld, krfr. Stadt",2017-05-14,163365,0.603905365,98657,0.315668487,0.31087599,0.147838759,0.06573006,0.061501991,0.050069784,0.002534789,0.04578014
5116000,"Mönchengladbach, krfr. Stadt",2017-05-14,190503,0.594064135,113171,0.35758215,0.275834019,0.135749276,0.075910895,0.053813423,0.051122752,0.002011299,0.047976186
5117000,"Mülheim an der Ruhr, krfr. Stadt",2017-05-14,124241,0.691567196,85921,0.272713359,0.350463274,0.136462638,0.086214813,0.061879702,0.048776181,0.001283274,0.04220676
5119000,"Oberhausen, krfr. Stadt",2017-05-14,152582,0.624405238,95273,0.264072028,0.386003001,0.085831657,0.109692113,0.041697264,0.056383896,0.001724083,0.054595958
5120000,"Remscheid, krfr. Stadt",2017-05-14,77296,0.61410681,47468,0.315910838,0.314181399,0.127017679,0.085810061,0.052908019,0.050922367,0.004889401,0.048360236
5122000,"Solingen, krfr. Stadt",2017-05-14,112676,0.625297313,70456,0.30987493,0.298401804,0.139228328,0.080441119,0.063066297,0.056604586,0.001249264,0.051133671
5124000,"Wuppertal, krfr. Stadt",2017-05-14,241397,0.620044988,149677,0.267704712,0.322107385,0.127156018,0.085131424,0.077406961,0.06885053,0.00195479,0.049688181
5154004,Bedburg-Hau,2017-05-14,9860,0.671298174,6619,0.441651432,0.278945765,0.131322364,0.049969531,0.045399147,0.024375381,0,0.02833638
5154008,"Emmerich am Rhein, Stadt",2017-05-14,19516,0.62271982,12153,0.363916154,0.344701381,0.114623191,0.063383796,0.048161704,0.033022792,0.000332723,0.03185826
5154012,"Geldern, Stadt",2017-05-14,25863,0.651741871,16856,0.437967115,0.259910314,0.129028401,0.053632287,0.046397608,0.036532138,0.000478326,0.036053812
5154016,"Goch, Stadt",2017-05-14,24626,0.613619751,15111,0.417446524,0.273796791,0.130414439,0.063435829,0.045855615,0.031417112,6.68449E-05,0.037566845
5154020,Issum,2017-05-14,9582,0.727092465,6967,0.394854748,0.305535482,0.12689695,0.066050007,0.040034687,0.029484029,0,0.037144096
5154024,"Kalkar, Stadt",2017-05-14,10375,0.642409639,6665,0.442001516,0.277937832,0.110386657,0.058529189,0.045337377,0.029719484,0,0.036087945
5154028,Kerken,2017-05-14,10152,0.711682427,7225,0.418189427,0.270051611,0.138652532,0.060538429,0.050216209,0.029432278,0.000418468,0.032501046
5154032,"Kevelaer, Stadt",2017-05-14,21166,0.668005292,14139,0.442318675,0.246644774,0.148557967,0.04754426,0.048043975,0.030125642,0.000356939,0.036407767
5154036,"Kleve, Stadt",2017-05-14,35772,0.590992955,21141,0.381592802,0.288360295,0.135206279,0.055709773,0.058389968,0.044749689,0.000287164,0.03570403
5154040,Kranenburg,2017-05-14,5885,0.680713679,4006,0.465774185,0.25991412,0.120990149,0.04470826,0.052791109,0.02626926,0.000252589,0.029300328
5154044,"Rees, Stadt",2017-05-14,17092,0.660542944,11290,0.387890171,0.325999463,0.110276362,0.057687148,0.057150523,0.032734102,0.000268312,0.027993918
5154048,Rheurdt,2017-05-14,5380,0.746282528,4015,0.372924006,0.291645697,0.139909411,0.063160544,0.055611475,0.035983895,0,0.040764972
5154052,"Straelen, Stadt",2017-05-14,11456,0.688460196,7887,0.527884369,0.192120747,0.127398312,0.042466104,0.046942952,0.024047071,0.00063955,0.038500895
5154056,Uedem,2017-05-14,6295,0.683081811,4300,0.455422254,0.243472124,0.13737944,0.064220183,0.041872501,0.027758175,0.000235239,0.029640085
5154060,Wachtendonk,2017-05-14,6260,0.714217252,4471,0.433694181,0.214930086,0.169598557,0.059314389,0.061795219,0.027289129,0.00090212,0.032476319
5154064,Weeze,2017-05-14,7287,0.590503637,4303,0.432878003,0.275553462,0.110927932,0.060527555,0.040979746,0.035562883,0,0.043570419
5158004,"Erkrath, Stadt",2017-05-14,33522,0.679852037,22790,0.327590025,0.28050671,0.154449218,0.082561899,0.069716969,0.045444479,0.000221464,0.039509235
5158008,"Haan, Stadt",2017-05-14,23672,0.724484623,17150,0.341846643,0.271641264,0.174660154,0.068086859,0.067145295,0.038721827,0.001294651,0.036603307
5158012,"Heiligenhaus, Stadt",2017-05-14,19149,0.680035511,13022,0.352173913,0.291381988,0.147360248,0.076785714,0.047049689,0.039518634,0.002018634,0.04371118
5158016,"Hilden, Stadt",2017-05-14,42925,0.681421083,29250,0.333241332,0.293462136,0.150319131,0.076694842,0.054614456,0.042677247,0.001656029,0.047334828
5158020,"Langenfeld (Rhld.), Stadt",2017-05-14,45309,0.699574036,31697,0.385050351,0.245687601,0.158708981,0.070809111,0.058991709,0.035833413,0.001397757,0.043521078
5158024,"Mettmann, Stadt",2017-05-14,28936,0.687033453,19880,0.353257834,0.262201006,0.180386979,0.077954395,0.054542684,0.034584328,0.000964908,0.036107867
5158026,"Monheim am Rhein, Stadt",2017-05-14,30396,0.650381629,19769,0.323849415,0.304847525,0.144199826,0.082341523,0.050927108,0.042805333,0.001379169,0.0496501
5158028,"Ratingen, Stadt",2017-05-14,67959,0.702099795,47714,0.360844124,0.264158516,0.172944084,0.066583578,0.05870424,0.038953083,0.001035087,0.036777287
5158032,"Velbert, Stadt",2017-05-14,60144,0.653681165,39315,0.301758542,0.325652051,0.125492417,0.091119751,0.053348438,0.049151626,0.001210124,0.052267051
5158036,"Wülfrath, Stadt",2017-05-14,16109,0.673722764,10853,0.328591353,0.320502092,0.139191074,0.081450488,0.052068805,0.037935844,0.00167364,0.038586704
5162004,"Dormagen, Stadt",2017-05-14,47189,0.657653267,31034,0.350767426,0.296868381,0.137224232,0.080262,0.044513964,0.033075895,0.002313683,0.054974419
5162008,"Grevenbroich, Stadt",2017-05-14,47708,0.65054079,31036,0.363671913,0.294098478,0.149411803,0.073092841,0.043373415,0.032456741,0.002313683,0.041581126
5162012,"Jüchen, Stadt",2017-05-14,18344,0.67313563,12348,0.391933901,0.251636126,0.172611257,0.072153141,0.040657723,0.03190445,0.000981675,0.038121728
5162016,"Kaarst, Stadt",2017-05-14,32801,0.736349502,24153,0.38652867,0.231574994,0.191928887,0.05992822,0.061597529,0.029713713,0.000417327,0.038310659
5162020,"Korschenbroich, Stadt",2017-05-14,26698,0.749269608,20004,0.40630358,0.243923348,0.174432678,0.053756934,0.05204236,0.03197176,0.000353001,0.037216339
5162022,"Meerbusch, Stadt",2017-05-14,41158,0.737766655,30365,0.379159049,0.213162706,0.232042546,0.052551105,0.061858069,0.02755526,0.000565066,0.033106199
5162024,"Neuss, Stadt",2017-05-14,109289,0.633531279,69238,0.357349963,0.275465155,0.148296009,0.074104294,0.054944414,0.040840412,0.00174843,0.047251322
5162028,Rommerskirchen,2017-05-14,10384,0.714464561,7419,0.375613079,0.293324251,0.138419619,0.077247956,0.038419619,0.027384196,0.000408719,0.049182561
5166004,Brüggen,2017-05-14,12130,0.672300082,8155,0.415115413,0.23181931,0.175974187,0.059568131,0.049516009,0.032141971,0.000372301,0.035492678
5166008,Grefrath,2017-05-14,12067,0.688074915,8303,0.370397375,0.308907522,0.145704217,0.055292259,0.048122494,0.034026006,0.000243043,0.037307085
5166012,"Kempen, Stadt",2017-05-14,27254,0.696705071,18988,0.372278703,0.279767925,0.173311332,0.051950817,0.055410656,0.033214457,0.00031937,0.03374674
5166016,"Nettetal, Stadt",2017-05-14,30875,0.651854251,20126,0.405302078,0.264097792,0.150259067,0.061371296,0.047889733,0.033150561,0.000905478,0.037023995
5166020,Niederkrüchten,2017-05-14,11435,0.657804985,7522,0.379125302,0.268714784,0.147840086,0.068017172,0.053125838,0.041856721,0.000402468,0.040917628
5166024,Schwalmtal,2017-05-14,14597,0.675481263,9860,0.418683347,0.248974569,0.14304758,0.055270714,0.05783429,0.034557014,0.000205086,0.0414274
5166028,"Tönisvorst, Stadt",2017-05-14,22940,0.695727986,15960,0.359901241,0.295011395,0.157381616,0.057926057,0.054570777,0.036401621,0.000316536,0.038490757
5166032,"Viersen, Stadt",2017-05-14,57458,0.601186954,34543,0.370089795,0.288016614,0.137997602,0.060984527,0.052180526,0.044838983,0.001637954,0.044254
5166036,"Willich, Stadt",2017-05-14,38843,0.696882321,27069,0.373765237,0.259701047,0.173593767,0.061095165,0.056808439,0.034032877,0.001118276,0.03988519
5170004,Alpen,2017-05-14,10262,0.744884038,7644,0.4276072,0.267734251,0.128242456,0.059952356,0.049364743,0.032424563,0.000132345,0.034542086
5170008,"Dinslaken, Stadt",2017-05-14,52431,0.671167821,35190,0.254798299,0.389179405,0.111309045,0.091828525,0.049247213,0.055539593,0.00295943,0.04513849
5170012,"Hamminkeln, Stadt",2017-05-14,21557,0.728487266,15704,0.428571429,0.282762161,0.129765114,0.054550122,0.042099859,0.02804518,0.00057759,0.033628546
5170016,Hünxe,2017-05-14,11398,0.746885418,8513,0.313987919,0.355442378,0.134312448,0.068222196,0.047731849,0.040033164,0.000473765,0.039796281
5170020,"Kamp-Lintfort, Stadt",2017-05-14,27653,0.59389578,16423,0.239114346,0.445664241,0.08400148,0.089120513,0.041013939,0.048908351,0.004008881,0.04816825
5170024,"Moers, Stadt",2017-05-14,76765,0.663896307,50964,0.279933283,0.371152853,0.111989198,0.088399984,0.047059291,0.050454708,0.001985624,0.049025059
5170028,"Neukirchen-Vluyn, Stadt",2017-05-14,21229,0.690894531,14667,0.309684996,0.361840287,0.112323846,0.07218845,0.048770379,0.045109146,0.000967118,0.049115778
5170032,"Rheinberg, Stadt",2017-05-14,24875,0.685467337,17051,0.330092483,0.330329618,0.1145364,0.082404553,0.055015414,0.04280294,0.000948542,0.04387005
5170036,Schermbeck,2017-05-14,11449,0.749061053,8576,0.394566624,0.290838528,0.130189345,0.062801364,0.052569681,0.030342232,0.000588028,0.038104199
5170040,Sonsbeck,2017-05-14,6943,0.702002016,4874,0.441870087,0.250103434,0.143152669,0.04385602,0.043442284,0.035374431,0.000206868,0.041994208
5170044,"Voerde (Niederrhein), Stadt",2017-05-14,28822,0.674276594,19434,0.254226708,0.395567809,0.108203714,0.092857514,0.046662852,0.055662488,0.001768715,0.0450502
5170048,"Wesel, Stadt",2017-05-14,46936,0.641746208,30121,0.317134521,0.343327632,0.121239561,0.070765,0.052855753,0.048596438,0.000871986,0.045209109
5170052,"Xanten, Stadt",2017-05-14,17330,0.698384305,12103,0.392343698,0.284854564,0.130140421,0.060013373,0.05483116,0.041959211,8.35841E-05,0.035773989
5314000,"Bonn, krfr. Stadt",2017-05-14,226008,0.683723585,154527,0.309711252,0.253794426,0.160530143,0.055949438,0.109648636,0.065902672,0.000521795,0.043941637
5315000,"Köln, krfr. Stadt",2017-05-14,729833,0.649238935,473836,0.265492955,0.281074161,0.138046895,0.059690035,0.118095635,0.084019853,0.001984068,0.051596398
5316000,"Leverkusen, krfr. Stadt",2017-05-14,116380,0.636999484,74134,0.314788021,0.30950561,0.128156479,0.083385657,0.061164041,0.046859218,0.00151511,0.054625863
5334002,"Aachen, krfr. Stadt (ab 21.10.2009)",2017-05-14,176721,0.692752984,122424,0.280476453,0.283540779,0.149295287,0.046590937,0.113610715,0.074392283,0.001054392,0.051039153
5334004,"Alsdorf, Stadt (ab 21.10.2009)",2017-05-14,33298,0.611508199,20362,0.279166043,0.415282558,0.08997955,0.092224051,0.037957005,0.037657739,0.001346701,0.046386353
5334008,"Baesweiler, Stadt (ab 21.10.2009)",2017-05-14,19085,0.651768405,12439,0.395564976,0.318767324,0.102396869,0.069460297,0.039540192,0.031142997,0.00383173,0.039295614
5334012,"Eschweiler, Stadt (ab 21.10.2009)",2017-05-14,41875,0.642865672,26920,0.286971566,0.413645253,0.111516474,0.075522792,0.033248082,0.036369791,0.000940274,0.041785768
5334016,"Herzogenrath, Stadt (ab 21.10.2009)",2017-05-14,35111,0.678362906,23818,0.291165597,0.372880636,0.122891259,0.064420176,0.054306718,0.047295287,0.001402286,0.04563804
5334020,"Monschau, Stadt (ab 21.10.2009)",2017-05-14,9344,0.744006849,6952,0.403605699,0.286856644,0.130851992,0.048415237,0.058738005,0.035475429,0.000145391,0.035911602
5334024,Roetgen (ab 21.10.2009),2017-05-14,6639,0.782045489,5192,0.346899225,0.288178295,0.144379845,0.044186047,0.109496124,0.036434109,0.000193798,0.030232558
5334028,Simmerath (ab 21.10.2009),2017-05-14,12265,0.729066449,8942,0.420207957,0.278933092,0.120705244,0.055153707,0.053571429,0.034584087,0.00011302,0.036731465
5334032,"Stolberg (Rhld.), Stadt (ab 21.10.2009)",2017-05-14,40995,0.637028906,26115,0.327006676,0.34742276,0.119934793,0.073086477,0.046537805,0.041103866,0.001668995,0.043238628
5334036,"Würselen, Stadt (ab 21.10.2009)",2017-05-14,28895,0.689738709,19930,0.310608749,0.386993766,0.120888033,0.057884333,0.049825131,0.036393127,0.001064423,0.03634244
5358004,Aldenhoven,2017-05-14,10135,0.636605821,6452,0.332651456,0.360188828,0.098033045,0.085601888,0.032572777,0.035719906,0.003147128,0.052084972
5358008,"Düren, Stadt",2017-05-14,63616,0.567876006,36126,0.334073096,0.326094896,0.103828974,0.089389555,0.054920358,0.045565638,0.000955137,0.045172346
5358012,"Heimbach, Stadt",2017-05-14,3517,0.679840773,2391,0.428996599,0.254676871,0.144132653,0.0625,0.045493197,0.034438776,0,0.029761905
5358016,Hürtgenwald,2017-05-14,6913,0.738319109,5104,0.408296943,0.25883287,0.139341008,0.068678047,0.051607781,0.037316395,0,0.035926955
5358020,Inden,2017-05-14,5694,0.717246224,4084,0.335482271,0.367964295,0.107116291,0.077361765,0.037193156,0.03173816,0,0.043144061
5358024,"Jülich, Stadt",2017-05-14,24713,0.679237648,16786,0.347241483,0.332348508,0.129996985,0.057099789,0.053361471,0.039614109,0.000542659,0.039794995
5358028,Kreuzau,2017-05-14,14377,0.712735619,10247,0.396756329,0.283128956,0.121736551,0.068037975,0.051720728,0.03945807,0.00039557,0.038765823
5358032,Langerwehe,2017-05-14,11282,0.72451693,8174,0.355006825,0.328204492,0.112917235,0.072837821,0.051743392,0.034991934,0.000496339,0.043801961
5358036,"Linnich, Stadt",2017-05-14,10113,0.685058835,6928,0.379476685,0.333430785,0.102178044,0.067241631,0.039906446,0.029674024,0.000877065,0.047215319
5358040,Merzenich,2017-05-14,7813,0.673876872,5265,0.376753122,0.312584054,0.114505283,0.075888569,0.049567723,0.029010567,0.000384246,0.041306436
5358044,"Nideggen, Stadt",2017-05-14,8144,0.713408644,5810,0.406391108,0.257033692,0.132511289,0.071378951,0.059395623,0.034560611,0.000173671,0.038555054
5358048,Niederzier,2017-05-14,10987,0.676799854,7436,0.319744531,0.374779182,0.103274901,0.085201794,0.037097432,0.034787335,0.000543552,0.044571273
5358052,Nörvenich,2017-05-14,8436,0.682313893,5756,0.378459369,0.278335977,0.121805041,0.092014807,0.042834479,0.036312357,0.000705094,0.049532875
5358056,Titz,2017-05-14,6609,0.720532607,4762,0.37654321,0.329289059,0.110046828,0.071732652,0.045764155,0.030012771,0.00063857,0.035972754
5358060,Vettweiß,2017-05-14,7216,0.6904102,4982,0.39727974,0.309581811,0.097442144,0.07044255,0.045879009,0.036540804,0.000203004,0.042630938
5362004,"Bedburg, Stadt",2017-05-14,18151,0.68425982,12420,0.367328667,0.339492105,0.110776494,0.078300505,0.030766726,0.027510988,0.001302295,0.04452222
5362008,"Bergheim, Stadt",2017-05-14,42962,0.640333318,27510,0.333983441,0.320846366,0.123679853,0.095271389,0.042134315,0.039190432,0.001067157,0.043827047
5362012,"Brühl, Stadt",2017-05-14,32640,0.692279412,22596,0.327554622,0.300433403,0.137572048,0.066440284,0.078682811,0.047450963,0.001027657,0.040838211
5362016,"Elsdorf, Stadt",2017-05-14,16091,0.63091169,10152,0.346530694,0.320835833,0.116976605,0.103379324,0.038092382,0.031493701,0.0004999,0.042191562
5362020,"Erftstadt, Stadt",2017-05-14,38940,0.692604006,26970,0.350554473,0.296043758,0.145998801,0.072680953,0.055896898,0.036939907,0.000674359,0.04121085
5362024,"Frechen, Stadt",2017-05-14,37922,0.683112705,25905,0.334857545,0.311017313,0.140227459,0.072028765,0.05612225,0.042834252,0.000898894,0.042013522
5362028,"Hürth, Stadt",2017-05-14,44304,0.662016974,29330,0.347411866,0.30772141,0.124196045,0.070128977,0.063043852,0.044264832,0.000859845,0.042373173
5362032,"Kerpen, Stadt",2017-05-14,47594,0.648653192,30872,0.330512921,0.325823167,0.121343303,0.082087105,0.050111505,0.042929293,0.00167257,0.045520136
5362036,"Pulheim, Stadt",2017-05-14,41345,0.738976902,30553,0.36480148,0.280802008,0.161822026,0.062760124,0.065633877,0.030719429,0.001156108,0.032304948
5362040,"Wesseling, Stadt",2017-05-14,24618,0.618937363,15237,0.322055304,0.311286892,0.123969689,0.104892316,0.050584951,0.04028184,0.001395905,0.045533103
5366004,"Bad Münstereifel, Stadt",2017-05-14,14366,0.683001531,9812,0.397005679,0.250696954,0.151368095,0.073618998,0.05348477,0.040784719,0.000206505,0.03283428
5366008,Blankenheim,2017-05-14,6699,0.694432005,4652,0.432061069,0.254525627,0.13391494,0.06259542,0.052780807,0.035114504,0.000436205,0.028571429
5366012,Dahlem,2017-05-14,3326,0.716175586,2382,0.44330338,0.21309371,0.171587505,0.058194266,0.042789902,0.031236628,0,0.039794608
5366016,"Euskirchen, Stadt",2017-05-14,42619,0.590722448,25176,0.369633382,0.269376105,0.142828429,0.087152275,0.049847242,0.040038591,0.000924586,0.040199389
5366020,Hellenthal,2017-05-14,6272,0.690210459,4329,0.431685025,0.238340755,0.144129365,0.069838294,0.050152332,0.027888446,0,0.037965784
5366024,Kall,2017-05-14,8999,0.654072675,5886,0.40251464,0.270409921,0.132793662,0.078883913,0.047364795,0.032552532,0.000688942,0.034791595
5366028,"Mechernich, Stadt",2017-05-14,21336,0.652980877,13932,0.382707094,0.28376614,0.124691716,0.081386914,0.05462063,0.034600319,0.000435224,0.037791963
5366032,Nettersheim,2017-05-14,6006,0.73026973,4386,0.459584296,0.238799076,0.130484988,0.060277136,0.049884527,0.027944573,0.000230947,0.032794457
5366036,"Schleiden, Stadt",2017-05-14,10296,0.633449883,6522,0.407711366,0.254103438,0.155156395,0.064571075,0.050789718,0.02911118,0.000309693,0.038247135
5366040,Weilerswist,2017-05-14,13876,0.636134333,8827,0.34743237,0.301237964,0.135373682,0.091357176,0.046767538,0.033585511,0.000917011,0.043328748
5366044,"Zülpich, Stadt",2017-05-14,16019,0.630438854,10099,0.384368737,0.277154309,0.13246493,0.078857715,0.050701403,0.035771543,0.000501002,0.040180361
5370004,"Erkelenz, Stadt",2017-05-14,34928,0.66811727,23336,0.390973851,0.264790201,0.132699157,0.066588481,0.059768917,0.036139345,0.000955608,0.048084441
5370008,Gangelt,2017-05-14,8719,0.672210116,5861,0.515246015,0.230769231,0.098925849,0.043485793,0.042273042,0.022869023,0.000693001,0.045738046
5370012,"Geilenkirchen, Stadt",2017-05-14,20713,0.638922416,13234,0.408172671,0.284737691,0.105768492,0.066825409,0.051616868,0.039173516,0.000537676,0.043167678
5370016,"Heinsberg, Stadt",2017-05-14,31037,0.619873055,19239,0.452419995,0.259560963,0.112933086,0.061412325,0.04321608,0.029780481,0.000528961,0.040148109
5370020,"Hückelhoven, Stadt",2017-05-14,28251,0.601182259,16984,0.37321835,0.318002156,0.086716972,0.090729429,0.03886693,0.038687268,0.003174033,0.050604863
5370024,Selfkant,2017-05-14,5401,0.68042955,3675,0.531076582,0.236958935,0.103773585,0.033573807,0.046337403,0.019700333,0,0.028579356
5370028,"Übach-Palenberg, Stadt",2017-05-14,18213,0.625377478,11390,0.313519294,0.372337581,0.092505124,0.080028518,0.041172801,0.047321986,0.002049728,0.051064967
5370032,Waldfeucht,2017-05-14,6469,0.732725305,4740,0.537355088,0.201159296,0.112065264,0.038213826,0.044224989,0.031558609,0.000644053,0.034778875
5370036,"Wassenberg, Stadt",2017-05-14,13844,0.639338342,8851,0.384923817,0.291786001,0.11284225,0.06598694,0.055103677,0.04170008,0.001489289,0.046167946
5370040,"Wegberg, Stadt",2017-05-14,22292,0.685851427,15289,0.391669421,0.272198347,0.141487603,0.061818182,0.052231405,0.037752066,0.000264463,0.042578512
5374004,"Bergneustadt, Stadt",2017-05-14,12941,0.612240167,7923,0.383954889,0.274894271,0.121107266,0.089965398,0.03754966,0.036268102,0.012559272,0.043701141
5374008,Engelskirchen,2017-05-14,15020,0.692010652,10394,0.348016336,0.311454687,0.128451964,0.071664722,0.059704395,0.040062233,0.002236484,0.038409179
5374012,"Gummersbach, Stadt",2017-05-14,37831,0.61222278,23161,0.357089699,0.284419735,0.128223088,0.091012564,0.049774548,0.044302412,0.001751083,0.04342687
5374016,"Hückeswagen, Stadt",2017-05-14,11886,0.661618711,7864,0.387412948,0.270183131,0.142120196,0.061000774,0.054423523,0.040495228,0.000386897,0.043977302
5374020,Lindlar,2017-05-14,16588,0.712683868,11822,0.416339423,0.270189517,0.126259177,0.050367082,0.065050367,0.035342325,0.001451255,0.035000854
5374024,Marienheide,2017-05-14,10120,0.666007905,6740,0.405600723,0.274616079,0.116681722,0.071966275,0.046371575,0.040499849,0.00255947,0.041704306
5374028,Morsbach,2017-05-14,8248,0.605965082,4998,0.42955745,0.260860739,0.116118555,0.079780755,0.047097036,0.03410475,0.000406009,0.032074706
5374032,Nümbrecht,2017-05-14,13290,0.646802107,8596,0.383241274,0.278411094,0.124221413,0.07392173,0.057233517,0.042308144,0.000352568,0.04031026
5374036,"Radevormwald, Stadt",2017-05-14,16629,0.640447411,10650,0.367914642,0.266076022,0.140897399,0.08030866,0.049347433,0.040583024,0.00161951,0.05325331
5374040,Reichshof,2017-05-14,14731,0.61754124,9097,0.370716511,0.27047174,0.126835781,0.088673787,0.05329328,0.041388518,0.000890076,0.047730307
5374044,"Waldbröl, Stadt",2017-05-14,14077,0.55949421,7876,0.4116204,0.248289219,0.10522918,0.094254358,0.049580374,0.045965139,0.001420271,0.043641059
5374048,"Wiehl, Stadt",2017-05-14,20061,0.662230198,13285,0.352026821,0.296555928,0.141267906,0.080234685,0.05021335,0.041374581,0.000152393,0.038174337
5374052,"Wipperfürth, Stadt",2017-05-14,16592,0.693948891,11514,0.457225586,0.246643854,0.133456173,0.043169255,0.051855752,0.031411775,0.000965166,0.03527244
5378004,"Bergisch Gladbach, Stadt",2017-05-14,83504,0.712025771,59457,0.346613613,0.261039621,0.162461903,0.062224856,0.085099898,0.044361666,0.000846597,0.037351846
5378008,"Burscheid, Stadt",2017-05-14,13786,0.675105179,9307,0.330840919,0.284893801,0.158430863,0.075530993,0.062852189,0.041829215,0.000433463,0.045188557
5378012,Kürten,2017-05-14,15729,0.728526925,11459,0.406255491,0.23045159,0.153751538,0.065190652,0.06615709,0.034703918,0.000351432,0.043138289
5378016,"Leichlingen (Rhld.), Stadt",2017-05-14,22177,0.732290211,16240,0.34646596,0.26983832,0.172768383,0.066592331,0.061822462,0.038716472,0.000433624,0.043362448
5378020,Odenthal,2017-05-14,12230,0.76941946,9410,0.396767634,0.222198437,0.190731029,0.061008241,0.06518249,0.029219737,0.000321096,0.034571337
5378024,"Overath, Stadt",2017-05-14,20437,0.728923032,14897,0.388381687,0.24480963,0.163048624,0.064516129,0.065462907,0.034895516,0.001825928,0.037059579
5378028,"Rösrath, Stadt",2017-05-14,21802,0.711723695,15517,0.328849903,0.263287849,0.179077323,0.060168941,0.088823912,0.040935673,0.001104613,0.037751787
5378032,"Wermelskirchen, Stadt",2017-05-14,27203,0.685328824,18643,0.362175325,0.246753247,0.185660173,0.064393939,0.06017316,0.038311688,0.000595238,0.041937229
5382004,Alfter,2017-05-14,17543,0.713560964,12518,0.377198645,0.231482976,0.160964983,0.058415362,0.083266096,0.045747943,0.000161368,0.042762627
5382008,"Bad Honnef, Stadt",2017-05-14,19054,0.726146741,13836,0.37170932,0.238688861,0.186184645,0.052357557,0.075163159,0.041944709,0.000513309,0.03343844
5382012,"Bornheim, Stadt",2017-05-14,36495,0.692807234,25284,0.375189772,0.2388334,0.160287655,0.072313224,0.070475429,0.041829804,0.000559329,0.040511386
5382016,Eitorf,2017-05-14,13874,0.628369612,8718,0.362399721,0.282409022,0.142309034,0.065457505,0.05173817,0.046738751,0.000697593,0.048250203
5382020,"Hennef (Sieg), Stadt",2017-05-14,36384,0.691705145,25167,0.367200064,0.256030878,0.148037954,0.06710357,0.070923126,0.044749115,0.00116597,0.044789321
5382024,"Königswinter, Stadt",2017-05-14,30906,0.730084773,22564,0.365919162,0.240902377,0.170493711,0.058457544,0.081777897,0.043149367,0.000537129,0.038762813
5382028,"Lohmar, Stadt",2017-05-14,23714,0.729653369,17303,0.363204504,0.251539499,0.156530409,0.062107794,0.090962407,0.032197525,0.000645123,0.042812738
5382032,"Meckenheim, Stadt",2017-05-14,18602,0.709923664,13206,0.407135201,0.230439443,0.175777063,0.07073955,0.049150207,0.034833869,0.000612464,0.031312203
5382036,Much,2017-05-14,11632,0.695409216,8089,0.39508483,0.233283433,0.145209581,0.073977046,0.069236527,0.040793413,0.001122754,0.041292415
5382040,Neunkirchen-Seelscheid,2017-05-14,15728,0.734104781,11546,0.374496762,0.242429547,0.158060564,0.075091896,0.067915281,0.040521617,0.000262559,0.041221775
5382044,"Niederkassel, Stadt",2017-05-14,28109,0.718061831,20184,0.382657917,0.264689676,0.153884687,0.07368632,0.053398788,0.030606622,0.001653058,0.039422932
5382048,"Rheinbach, Stadt",2017-05-14,20862,0.722461892,15072,0.395965959,0.237887824,0.16578436,0.070428198,0.058902365,0.032098104,0.000670107,0.038263084
5382052,Ruppichteroth,2017-05-14,7825,0.687028754,5376,0.400644061,0.231483235,0.128812275,0.074445918,0.062511839,0.053419208,0,0.048683463
5382056,"Sankt Augustin, Stadt",2017-05-14,42175,0.675044458,28470,0.361365411,0.260024129,0.151799021,0.073699525,0.063835072,0.047193244,0.000674189,0.04140941
5382060,"Siegburg, Stadt",2017-05-14,30236,0.658916523,19923,0.346550236,0.261054983,0.152307458,0.066558359,0.069046048,0.052495304,0.001167691,0.050819922
5382064,Swisttal,2017-05-14,14166,0.709092193,10045,0.405836615,0.248005655,0.154195698,0.074219933,0.049984853,0.030697768,0.000504898,0.036554579
5382068,"Troisdorf, Stadt",2017-05-14,53953,0.64967657,35052,0.337294016,0.294825094,0.127002024,0.080890431,0.057010697,0.049898815,0.001387684,0.05169124
5382072,Wachtberg,2017-05-14,15293,0.743869744,11376,0.404550302,0.216761465,0.197209385,0.057945254,0.061500178,0.027995023,0.001066477,0.032971916
5382076,Windeck,2017-05-14,15192,0.634807794,9644,0.326182965,0.332912723,0.108307045,0.079284963,0.060672976,0.047528917,0.000210305,0.044900105
5512000,"Bottrop, krfr. Stadt",2017-05-14,88445,0.667725705,59057,0.274757481,0.380745895,0.095036506,0.110067528,0.039265759,0.043139204,0.002330922,0.054656703
5513000,"Gelsenkirchen, krfr. Stadt",2017-05-14,176670,0.58012679,102491,0.230237047,0.378858811,0.09164151,0.145880141,0.038699461,0.050051962,0.004919087,0.059711981
5515000,"Münster, krfr. Stadt",2017-05-14,231754,0.721821414,167285,0.316647719,0.278879526,0.135271367,0.037178724,0.124648874,0.068769511,0.000282705,0.038321574
5554004,"Ahaus, Stadt",2017-05-14,29137,0.687613687,20035,0.503799889,0.255674669,0.11379536,0.035230761,0.041270321,0.022749006,0.00140923,0.026070764
5554008,"Bocholt, Stadt",2017-05-14,55239,0.667644237,36880,0.43241468,0.299433482,0.108076302,0.051752922,0.048386655,0.026930129,0.000848409,0.032157421
5554012,"Borken, Stadt",2017-05-14,32010,0.681130897,21803,0.483498656,0.238342449,0.128256234,0.044034486,0.052053398,0.024195791,0.000139056,0.02947993
5554016,"Gescher, Stadt",2017-05-14,13465,0.692981805,9331,0.442401298,0.300054083,0.109464575,0.042401298,0.053001622,0.02401298,0.000216333,0.02844781
5554020,"Gronau (Westf.), Stadt",2017-05-14,32151,0.573792417,18448,0.407535373,0.30207305,0.106778546,0.064111001,0.042941757,0.040089942,0.001864648,0.034605682
5554024,Heek,2017-05-14,6251,0.755239162,4721,0.597433155,0.216256684,0.096898396,0.031871658,0.027165775,0.011336898,0.000213904,0.018823529
5554028,Heiden,2017-05-14,6439,0.73862401,4756,0.516108521,0.240144129,0.113607461,0.04472234,0.040271301,0.021407376,0,0.023738872
5554032,"Isselburg, Stadt",2017-05-14,7765,0.677527366,5261,0.413105959,0.325924507,0.105000958,0.050776011,0.046177429,0.027399885,0,0.031615252
5554036,Legden,2017-05-14,5305,0.725541942,3849,0.524071167,0.213762428,0.131868132,0.033228676,0.043956044,0.026425955,0.000261643,0.026425955
5554040,Raesfeld,2017-05-14,8847,0.761953204,6741,0.506421744,0.21744325,0.125896057,0.056600956,0.044205496,0.022998805,0.000149343,0.026284349
5554044,Reken,2017-05-14,11535,0.697529259,8046,0.496432595,0.2199274,0.121792465,0.067342596,0.041431969,0.024658906,0,0.028414069
5554048,"Rhede, Stadt",2017-05-14,14925,0.736348409,10990,0.485923888,0.273819349,0.100596057,0.038055938,0.057313159,0.018615314,0.000183402,0.025492893
5554052,Schöppingen,2017-05-14,4886,0.7253377,3544,0.537671233,0.207191781,0.123573059,0.034817352,0.04423516,0.019691781,0.000285388,0.032534247
5554056,"Stadtlohn, Stadt",2017-05-14,15221,0.722160173,10992,0.49646562,0.255209768,0.125493436,0.035894611,0.041494538,0.021298081,0.000275406,0.023868539
5554060,Südlohn,2017-05-14,6849,0.738355964,5057,0.527755591,0.204872204,0.14836262,0.035942492,0.034544728,0.023162939,0,0.025359425
5554064,"Velen, Stadt",2017-05-14,10044,0.707984867,7111,0.49314875,0.239299336,0.131939539,0.047040542,0.039694872,0.020483119,0,0.028393841
5554068,"Vreden, Stadt",2017-05-14,17303,0.729295498,12619,0.505159587,0.254539637,0.114390849,0.03487721,0.043036557,0.023038157,0.000159987,0.024798016
5558004,Ascheberg,2017-05-14,11837,0.728056095,8618,0.479578701,0.240491516,0.141837332,0.042715038,0.043651258,0.026331188,0.000234055,0.025160913
5558008,"Billerbeck, Stadt",2017-05-14,9128,0.742988606,6782,0.422700297,0.265430267,0.147626113,0.033976261,0.076409496,0.029080119,0.000148368,0.02462908
5558012,"Coesfeld, Stadt",2017-05-14,28863,0.700308353,20213,0.441587619,0.277134299,0.123464803,0.032551173,0.068996505,0.027808288,0.000149775,0.028307539
5558016,"Dülmen, Stadt",2017-05-14,36471,0.698061473,25459,0.414671845,0.30461319,0.118777743,0.048747622,0.052155992,0.031269816,0.000396322,0.02936747
5558020,Havixbeck,2017-05-14,9335,0.76464917,7138,0.391132448,0.28057046,0.12778876,0.03657159,0.099971759,0.032759108,0.000282406,0.030923468
5558024,"Lüdinghausen, Stadt",2017-05-14,19224,0.71150645,13678,0.432074221,0.263750828,0.128782858,0.048229144,0.062808335,0.031735513,0.000515426,0.032103674
5558028,Nordkirchen,2017-05-14,8086,0.724585704,5859,0.41838843,0.280130854,0.120695592,0.062844353,0.052341598,0.028409091,0.000516529,0.036673554
5558032,Nottuln,2017-05-14,15379,0.723844203,11132,0.403416795,0.278405496,0.147337973,0.042935913,0.065624153,0.031275423,0.000271174,0.030733074
5558036,"Olfen, Stadt",2017-05-14,10283,0.696392103,7161,0.42752086,0.265450431,0.121057842,0.068448593,0.045820959,0.038325555,0.000424268,0.032951492
5558040,Rosendahl,2017-05-14,8323,0.751652049,6256,0.529364311,0.22749274,0.128105841,0.031945789,0.041787673,0.016456922,0,0.024846725
5558044,Senden,2017-05-14,15914,0.715784844,11391,0.443686309,0.248560035,0.130615862,0.051395658,0.065928223,0.03207798,8.86132E-05,0.027647319
5562004,"Castrop-Rauxel, Stadt",2017-05-14,57510,0.601582334,34597,0.27896707,0.393256127,0.090805404,0.096683629,0.041410774,0.04676259,0.001842428,0.050271978
5562008,"Datteln, Stadt",2017-05-14,26705,0.619434563,16542,0.283603956,0.375534123,0.097912343,0.094188744,0.042973996,0.049688683,0.006226346,0.049871811
5562012,"Dorsten, Stadt",2017-05-14,59985,0.6641327,39838,0.354699663,0.334136261,0.107102107,0.083141053,0.040923959,0.039478689,0.001825604,0.038692665
5562014,"Gladbeck, Stadt",2017-05-14,54420,0.619128997,33693,0.260779361,0.384539058,0.091917734,0.126465813,0.032082506,0.049341512,0.005472368,0.049401648
5562016,"Haltern am See, Stadt",2017-05-14,30911,0.747662644,23111,0.393026803,0.299498801,0.117977773,0.064022663,0.057005884,0.034125082,0.00034866,0.033994334
5562020,"Herten, Stadt",2017-05-14,45143,0.625035997,28216,0.274122964,0.378362867,0.101370256,0.102625726,0.038489131,0.046308917,0.004089246,0.054630892
5562024,"Marl, Stadt",2017-05-14,64872,0.609939573,39568,0.27013672,0.389036817,0.091658559,0.115392493,0.034973629,0.043371396,0.005632649,0.049797737
5562028,"Oer-Erkenschwick, Stadt",2017-05-14,21732,0.62603534,13605,0.266478203,0.402097902,0.086891832,0.109135545,0.039354263,0.046793632,0.003273322,0.045975301
5562032,"Recklinghausen, Stadt",2017-05-14,88259,0.630473946,55645,0.282927007,0.360789158,0.101969262,0.103422592,0.046470225,0.050594049,0.002942993,0.050884715
5562036,"Waltrop, Stadt",2017-05-14,23543,0.670730153,15791,0.29987854,0.360352873,0.11001726,0.083551748,0.052163907,0.045707345,0.002045643,0.046282682
5566004,Altenberge,2017-05-14,7910,0.759039191,6004,0.434534786,0.243084661,0.130930427,0.033025985,0.093042749,0.037887678,0.000335289,0.027158424
5566008,"Emsdetten, Stadt",2017-05-14,27610,0.69297356,19133,0.396709902,0.320626384,0.100601076,0.040598967,0.066012865,0.043393441,0.000843615,0.031213751
5566012,"Greven, Stadt",2017-05-14,28122,0.647749093,18216,0.366461351,0.309527773,0.115032462,0.058820265,0.065978581,0.045335997,0.001109816,0.037733755
5566016,"Hörstel, Stadt",2017-05-14,15484,0.681671403,10555,0.471533825,0.305425318,0.084585207,0.042962396,0.041048703,0.025643479,0.000191369,0.028609702
5566020,Hopsten,2017-05-14,5679,0.723190703,4107,0.541543756,0.246066863,0.117502458,0.033923304,0.029744346,0.013520157,0.000245821,0.017453294
5566024,"Horstmar, Stadt",2017-05-14,4970,0.742857143,3692,0.507099945,0.250409612,0.103222283,0.034680502,0.052976516,0.026215183,0.00054615,0.024849809
5566028,"Ibbenbüren, Stadt",2017-05-14,39842,0.642964711,25617,0.347227142,0.395638997,0.08966033,0.049041603,0.052544574,0.038060377,0.000629748,0.027197229
5566032,Ladbergen,2017-05-14,5183,0.687632645,3564,0.345860413,0.356880475,0.129415089,0.041537157,0.074314778,0.027126307,0,0.024865781
5566036,Laer,2017-05-14,4988,0.740176423,3692,0.457923497,0.248087432,0.126502732,0.036885246,0.073224044,0.032240437,0.000273224,0.024863388
5566040,"Lengerich, Stadt",2017-05-14,16662,0.576881527,9612,0.298284391,0.397326597,0.104410062,0.053468056,0.073992211,0.036838228,0.000631512,0.035048942
5566044,Lienen,2017-05-14,6680,0.657035928,4389,0.345758061,0.360164647,0.115024011,0.036588155,0.077749828,0.036130803,0.000228676,0.02835582
5566048,Lotte,2017-05-14,10491,0.540558574,5671,0.282442748,0.398899343,0.092845731,0.076513403,0.071542695,0.047754305,0,0.030001775
5566052,Metelen,2017-05-14,4784,0.722198997,3455,0.480595273,0.280711993,0.094835133,0.045520864,0.047563467,0.018675226,0.000583601,0.031514444
5566056,Mettingen,2017-05-14,9423,0.680356574,6411,0.403090995,0.385743574,0.078694212,0.031067655,0.050307522,0.02838669,0.000473111,0.02223624
5566060,Neuenkirchen,2017-05-14,10569,0.711136342,7516,0.499127634,0.260501946,0.097033955,0.035028855,0.049657764,0.02321836,0.000402631,0.035028855
5566064,Nordwalde,2017-05-14,7239,0.727724824,5268,0.484407882,0.257509087,0.103309738,0.043810981,0.057585613,0.024870863,0.000573943,0.027931892
5566068,"Ochtrup, Stadt",2017-05-14,14366,0.680565223,9777,0.4491438,0.306065608,0.104910254,0.037548999,0.045801527,0.02362286,0.00030947,0.032597483
5566072,Recke,2017-05-14,8921,0.694540971,6196,0.472163265,0.322122449,0.072,0.030857143,0.05077551,0.022204082,0.000489796,0.029387755
5566076,"Rheine, Stadt",2017-05-14,57499,0.608323623,34978,0.409089597,0.30341942,0.111527918,0.049660944,0.045332564,0.037772327,0.000461694,0.042735536
5566080,Saerbeck,2017-05-14,5303,0.716198378,3798,0.455897981,0.261689692,0.113177471,0.041710946,0.066153029,0.028958555,0,0.032412327
5566084,"Steinfurt, Stadt",2017-05-14,25646,0.666224752,17086,0.388400496,0.305622751,0.119358074,0.043601392,0.068499616,0.038586347,0.000649006,0.035282318
5566088,"Tecklenburg, Stadt",2017-05-14,6981,0.707348517,4938,0.355773154,0.350469196,0.10995512,0.041615667,0.079763362,0.039167687,0.000203998,0.023051816
5566092,Westerkappeln,2017-05-14,8736,0.613095238,5356,0.292917847,0.439282342,0.092917847,0.046270066,0.066855524,0.034938621,0.000377715,0.026440038
5566096,Wettringen,2017-05-14,6098,0.723351919,4411,0.529061785,0.234782609,0.112814645,0.032723112,0.043935927,0.022883295,0,0.023798627
5570004,"Ahlen, Stadt",2017-05-14,37195,0.619115473,23028,0.341908202,0.365298212,0.100828121,0.076424985,0.035415382,0.038234517,0.00563827,0.036252313
5570008,"Beckum, Stadt",2017-05-14,27528,0.615119151,16933,0.36159273,0.35465742,0.102534975,0.060923114,0.045796963,0.041910798,0.001016382,0.031567619
5570012,Beelen,2017-05-14,4599,0.662317895,3046,0.426524492,0.256914362,0.122292569,0.052649117,0.065311563,0.032322559,0.000666445,0.043318894
5570016,"Drensteinfurt, Stadt",2017-05-14,12292,0.758460788,9323,0.428278024,0.276294455,0.12658091,0.045832883,0.069938385,0.024970273,0.000108096,0.027996973
5570020,"Ennigerloh, Stadt",2017-05-14,15445,0.661767562,10221,0.396979932,0.31243791,0.108484006,0.071130538,0.040830519,0.033677727,0.00069541,0.035763958
5570024,Everswinkel,2017-05-14,7425,0.762154882,5659,0.439466667,0.261866667,0.1408,0.041777778,0.061688889,0.030044444,0.000533333,0.023822222
5570028,"Oelde, Stadt",2017-05-14,21985,0.712758699,15670,0.411745704,0.308890037,0.110608606,0.050458716,0.05330146,0.031205582,0.000969117,0.032820778
5570032,Ostbevern,2017-05-14,8118,0.713722592,5794,0.462785428,0.234268782,0.137179711,0.040264947,0.065539481,0.029980826,0.000348614,0.029632212
5570036,"Sassenberg, Stadt",2017-05-14,10615,0.655204899,6955,0.452918061,0.269829719,0.110900888,0.054431669,0.044826081,0.02998108,0.000582157,0.036530345
5570040,"Sendenhorst, Stadt",2017-05-14,10308,0.715269693,7373,0.424989725,0.275928209,0.131661871,0.051102891,0.053020962,0.033155227,0.000137005,0.03000411
5570044,"Telgte, Stadt",2017-05-14,15233,0.742860894,11316,0.41334759,0.239953667,0.13810924,0.038670587,0.111913036,0.032968012,0.000356411,0.024681458
5570048,Wadersloh,2017-05-14,9674,0.719867687,6964,0.461973055,0.271765899,0.109952195,0.045487469,0.051716645,0.025641026,0,0.033463711
5570052,"Warendorf, Stadt",2017-05-14,29055,0.692032352,20107,0.419039952,0.277598873,0.130170071,0.045486565,0.06048103,0.031146221,0.001056657,0.03502063
5711000,"Bielefeld, krfr. Stadt",2017-05-14,237287,0.652248121,154770,0.266957896,0.322461213,0.110673614,0.067498563,0.098377997,0.083731651,0.001449616,0.048849449
5754004,"Borgholzhausen, Stadt",2017-05-14,6653,0.645723734,4296,0.299201503,0.34945984,0.108501644,0.062235791,0.091827149,0.046031,0.000234852,0.04250822
5754008,"Gütersloh, Stadt",2017-05-14,71018,0.616491594,43782,0.324523947,0.335856896,0.108459319,0.066820542,0.083162147,0.043462204,0.000577034,0.037137911
5754012,"Halle (Westf.), Stadt",2017-05-14,16135,0.654353889,10558,0.320929788,0.334513105,0.114501626,0.0607423,0.085230534,0.042471781,0.000382629,0.041228238
5754016,"Harsewinkel, Stadt",2017-05-14,17590,0.647185901,11384,0.410295164,0.288406828,0.105618777,0.067745377,0.054854196,0.032628023,0.001244666,0.03920697
5754020,Herzebrock-Clarholz,2017-05-14,11943,0.669262329,7993,0.427289956,0.265192672,0.127353127,0.056980417,0.054453569,0.031080227,0.000631712,0.03701832
5754024,Langenberg,2017-05-14,6344,0.690100883,4378,0.426062847,0.281885397,0.122227357,0.054990758,0.051987061,0.025184843,0,0.037661738
5754028,"Rheda-Wiedenbrück, Stadt",2017-05-14,32754,0.655645112,21475,0.388734517,0.286393821,0.131352141,0.058917722,0.059859652,0.037300429,0.001742571,0.035699148
5754032,"Rietberg, Stadt",2017-05-14,21528,0.684039391,14726,0.524237847,0.214295523,0.11157649,0.038931612,0.049024993,0.025542433,0.000617962,0.035773139
5754036,"Schloß Holte-Stukenbrock, Stadt",2017-05-14,20279,0.651067607,13203,0.407602876,0.261281934,0.127504972,0.072739789,0.055683035,0.02975371,0.000764877,0.044668808
5754040,Steinhagen,2017-05-14,15544,0.678332476,10544,0.324657927,0.336140082,0.13080088,0.058463305,0.073294422,0.040091857,0.000574108,0.035977418
5754044,"Verl, Stadt",2017-05-14,18667,0.664541705,12405,0.47247557,0.253664495,0.114983713,0.048534202,0.053175896,0.026221498,0.000732899,0.030211726
5754048,"Versmold, Stadt",2017-05-14,15490,0.592640413,9180,0.338290372,0.361202908,0.111478299,0.055518837,0.061136814,0.03602115,0.000550782,0.035800837
5754052,"Werther (Westf.), Stadt",2017-05-14,8617,0.711964721,6135,0.295547889,0.340561853,0.110727781,0.055199606,0.105799244,0.054706752,0.000985707,0.036471168
5758004,"Bünde, Stadt",2017-05-14,34863,0.593408485,20688,0.303280692,0.362734073,0.107417005,0.084486383,0.059991199,0.040825307,0.0013201,0.03994524
5758008,"Enger, Stadt",2017-05-14,15760,0.646256345,10185,0.306288435,0.37581829,0.099583416,0.069232295,0.069529855,0.040765721,0.000495933,0.038286054
5758012,"Herford, Stadt",2017-05-14,48598,0.584015803,28382,0.324498593,0.325175448,0.109401161,0.083930035,0.060738841,0.050977878,0.001959317,0.043318728
5758016,Hiddenhausen,2017-05-14,15644,0.665878292,10417,0.309438355,0.389853526,0.095450577,0.071975943,0.06149966,0.033756911,0.00038801,0.037637016
5758020,Kirchlengern,2017-05-14,12693,0.624675018,7929,0.318094752,0.381177372,0.090537607,0.071766058,0.057719321,0.040990933,0.000383093,0.039330865
5758024,"Löhne, Stadt",2017-05-14,30373,0.589833075,17915,0.300039635,0.390634732,0.091727535,0.077005832,0.054073948,0.045524036,0.000622841,0.04037144
5758028,Rödinghausen,2017-05-14,7709,0.632248022,4874,0.301643437,0.397961306,0.09714999,0.070522155,0.04992719,0.038485542,0.00020803,0.044102351
5758032,"Spenge, Stadt",2017-05-14,11626,0.664286943,7723,0.308769634,0.367408377,0.101439791,0.071858639,0.071204188,0.041753927,0.00078534,0.036780105
5758036,"Vlotho, Stadt",2017-05-14,14571,0.63255782,9217,0.311459246,0.354184926,0.115030675,0.069018405,0.070552147,0.039767748,0.000657318,0.039329535
5762004,"Bad Driburg, Stadt",2017-05-14,14875,0.638117647,9492,0.436535802,0.240557506,0.129907437,0.06436855,0.044260028,0.036918821,0.000425577,0.047026279
5762008,"Beverungen, Stadt",2017-05-14,10763,0.661525597,7120,0.49559534,0.256464905,0.101449275,0.05370844,0.036089798,0.028417164,0.000142086,0.028132992
5762012,"Borgentreich, Stadt",2017-05-14,7241,0.701836763,5082,0.506770211,0.248904819,0.097172441,0.061927519,0.034050179,0.021505376,0,0.029669454
5762016,"Brakel, Stadt",2017-05-14,12606,0.653101698,8233,0.470696646,0.242290208,0.120530778,0.062784126,0.043740017,0.030470574,0.00024573,0.029241922
5762020,"Höxter, Stadt",2017-05-14,23451,0.645558825,15139,0.441594871,0.275228745,0.107259734,0.062312162,0.048286916,0.034595605,0.00106859,0.029653376
5762024,"Marienmünster, Stadt",2017-05-14,4092,0.718963832,2942,0.520590254,0.241935484,0.090253946,0.054907344,0.043582704,0.028140014,0.000343171,0.020247083
5762028,"Nieheim, Stadt",2017-05-14,4926,0.69589931,3428,0.447461629,0.291027155,0.099763872,0.059622196,0.036599764,0.030401417,0.000295159,0.034828808
5762032,"Steinheim, Stadt",2017-05-14,10015,0.661907139,6629,0.399480599,0.309349221,0.118240147,0.064008555,0.040941033,0.029178124,0.000458295,0.038344027
5762036,"Warburg, Stadt",2017-05-14,18591,0.644397827,11980,0.444961503,0.259920467,0.102800575,0.071748879,0.05195025,0.038497335,0.000253829,0.029867163
5762040,"Willebadessen, Stadt",2017-05-14,6350,0.648976378,4121,0.445403007,0.288636924,0.10475721,0.070002465,0.033768795,0.025881193,0,0.031550407
5766004,Augustdorf,2017-05-14,6740,0.561424332,3784,0.348606645,0.300375134,0.092979636,0.085476956,0.033762058,0.03778135,0.002143623,0.098874598
5766008,"Bad Salzuflen, Stadt",2017-05-14,40506,0.623018812,25236,0.307224335,0.329437663,0.136281769,0.08304983,0.051991195,0.040264158,0.001080648,0.050670402
5766012,"Barntrup, Stadt",2017-05-14,6794,0.610244333,4146,0.325433667,0.374053262,0.094307354,0.067432201,0.048863914,0.035914977,0,0.053994625
5766016,"Blomberg, Stadt",2017-05-14,12092,0.639182931,7729,0.274895178,0.412866876,0.102332285,0.059093291,0.055293501,0.044549266,0.000131027,0.050838574
5766020,"Detmold, Stadt",2017-05-14,56635,0.633212678,35862,0.277591502,0.354512412,0.112535572,0.064861514,0.073314361,0.054013694,0.000197233,0.062973712
5766024,Dörentrup,2017-05-14,6286,0.643970729,4048,0.272158237,0.386079119,0.121932899,0.067601402,0.063345018,0.040811217,0,0.048072108
5766028,Extertal,2017-05-14,9473,0.595376333,5640,0.304737976,0.35086145,0.144292893,0.079684135,0.042893037,0.033201723,0.000717875,0.043610912
5766032,"Horn-Bad Meinberg, Stadt",2017-05-14,13327,0.633525925,8443,0.297054598,0.365421456,0.11039272,0.067528736,0.05783046,0.046455939,0.000239464,0.055076628
5766036,Kalletal,2017-05-14,11100,0.63045045,6998,0.306442252,0.396546721,0.086912362,0.076755659,0.04759141,0.03525827,0.000145096,0.05034823
5766040,"Lage, Stadt",2017-05-14,26464,0.621939238,16459,0.291802673,0.334421383,0.106362013,0.087085053,0.057091827,0.03719899,0.000369526,0.085668535
5766044,"Lemgo, Stadt",2017-05-14,32177,0.65500202,21076,0.299711816,0.348174832,0.111479347,0.067915466,0.070268972,0.042170989,0.001008646,0.059269933
5766048,Leopoldshöhe,2017-05-14,12682,0.70698628,8966,0.303033721,0.339912033,0.115258825,0.084696064,0.056388858,0.03157776,0,0.069132739
5766052,"Lügde, Stadt",2017-05-14,7742,0.613278223,4748,0.349223239,0.380080868,0.091508832,0.064694616,0.047669717,0.024898915,0.000212811,0.041711002
5766056,"Oerlinghausen, Stadt",2017-05-14,13219,0.6945306,9181,0.283110037,0.339446519,0.137931034,0.076103668,0.073248408,0.041071821,0.000219635,0.048868878
5766060,"Schieder-Schwalenberg, Stadt",2017-05-14,6745,0.61971831,4180,0.258536585,0.42097561,0.117073171,0.075609756,0.054146341,0.033414634,0.00097561,0.039268293
5766064,Schlangen,2017-05-14,7202,0.654679256,4715,0.315168419,0.355717657,0.113709504,0.075949367,0.050203819,0.041836516,0,0.047414718
5770004,"Bad Oeynhausen, Stadt",2017-05-14,37622,0.586385625,22061,0.326842009,0.348194648,0.108046188,0.076567082,0.061400293,0.041468109,0.001053886,0.036427786
5770008,"Espelkamp, Stadt",2017-05-14,18196,0.545559464,9927,0.394504819,0.290239902,0.08683617,0.110211195,0.03865081,0.037830634,0.002050441,0.03967603
5770012,Hille,2017-05-14,12721,0.684537379,8708,0.328039875,0.396893474,0.109307987,0.052741393,0.047872957,0.028399212,0.00023183,0.036513272
5770016,Hüllhorst,2017-05-14,10342,0.657609747,6801,0.33838609,0.388021994,0.09362461,0.063753901,0.045474811,0.03328875,0.000297221,0.037152623
5770020,"Lübbecke, Stadt",2017-05-14,19917,0.607420796,12098,0.317927288,0.379022148,0.103719181,0.063936481,0.053740075,0.045549519,0.000919348,0.035185959
5770024,"Minden, Stadt",2017-05-14,61110,0.588839797,35984,0.27171317,0.388912304,0.105622524,0.07505128,0.06856051,0.051729467,0.000421479,0.037989266
5770028,"Petershagen, Stadt",2017-05-14,20441,0.642483244,13133,0.329368429,0.380170363,0.098150564,0.06630343,0.058245722,0.032691275,0.00023022,0.034839997
5770032,"Porta Westfalica, Stadt",2017-05-14,28561,0.627464024,17921,0.283860045,0.382336343,0.114672686,0.075677201,0.05993228,0.041591422,0.000451467,0.041478555
5770036,"Preußisch Oldendorf, Stadt",2017-05-14,9774,0.613157356,5993,0.351629792,0.352980915,0.101672015,0.076676237,0.041884817,0.035466982,0.000675562,0.03901368
5770040,"Rahden, Stadt",2017-05-14,12403,0.627509474,7783,0.470274489,0.264732666,0.098868219,0.063743983,0.044750878,0.02731885,0,0.030310915
5770044,Stemwede,2017-05-14,10523,0.599923976,6313,0.450024065,0.258783892,0.121931654,0.052783571,0.054708808,0.029359859,0.000802182,0.031605968
5774004,Altenbeken,2017-05-14,7203,0.640288769,4612,0.450262927,0.250876424,0.115030675,0.071428571,0.041849255,0.03878177,0.000219106,0.031551271
5774008,"Bad Lippspringe, Stadt",2017-05-14,11709,0.590742164,6917,0.405421245,0.271208791,0.121318681,0.072234432,0.050549451,0.043516484,0.000586081,0.035164835
5774012,Borchen,2017-05-14,10359,0.709334878,7348,0.414597338,0.259020442,0.105501441,0.067498971,0.076416518,0.047743175,0,0.029222116
5774016,"Büren, Stadt",2017-05-14,16656,0.637728146,10622,0.47824848,0.236417173,0.11768617,0.071048632,0.032959726,0.032484802,9.49848E-05,0.03106003
5774020,"Delbrück, Stadt",2017-05-14,23587,0.655912155,15471,0.550821389,0.175600497,0.1279534,0.058969828,0.036258917,0.025067086,0.000196348,0.025132535
5774024,Hövelhof,2017-05-14,12568,0.669557607,8415,0.517092479,0.194914238,0.11143097,0.060693295,0.055055775,0.029986806,0.000719683,0.030106753
5774028,"Lichtenau, Stadt",2017-05-14,8438,0.722446077,6096,0.476222148,0.233288992,0.113734619,0.063851014,0.047721982,0.027934819,0.000166279,0.037080146
5774032,"Paderborn, Stadt",2017-05-14,109681,0.618329519,67819,0.378652924,0.24306652,0.119857607,0.072432899,0.077065149,0.06044267,0.000640472,0.047841759
5774036,"Salzkotten, Stadt",2017-05-14,19240,0.685602911,13191,0.468620848,0.222026634,0.117174346,0.068727996,0.053114955,0.037808051,0.000382673,0.032144497
5774040,"Bad Wünnenberg, Stadt",2017-05-14,9472,0.67578125,6401,0.51563981,0.203159558,0.121327014,0.060505529,0.038230648,0.031279621,0.000157978,0.029699842
5911000,"Bochum, krfr. Stadt",2017-05-14,274050,0.654453567,179353,0.252673714,0.353155743,0.103069767,0.08686117,0.072186047,0.074559549,0.001680056,0.055813953
5913000,"Dortmund, krfr. Stadt",2017-05-14,415351,0.620109257,257563,0.243213583,0.368563388,0.102895642,0.082993,0.073057356,0.067139083,0.001908741,0.060229206
5914000,"Hagen, krfr. Stadt",2017-05-14,133010,0.601789339,80044,0.291853947,0.345184587,0.112683703,0.103984647,0.044505328,0.046134034,0.002095854,0.053557901
5915000,"Hamm, krfr. Stadt",2017-05-14,126970,0.630329999,80033,0.297334158,0.39496382,0.090898759,0.084774016,0.042203897,0.043302562,0.002601437,0.043921351
5916000,"Herne, krfr. Stadt",2017-05-14,112340,0.592228948,66531,0.236627145,0.392300893,0.09226127,0.113124448,0.047288854,0.05349142,0.002834588,0.062071383
5954004,"Breckerfeld, Stadt",2017-05-14,7059,0.699532512,4938,0.36042475,0.314682459,0.122115581,0.069838677,0.055952624,0.030426792,0.000816827,0.045742291
5954008,"Ennepetal, Stadt",2017-05-14,22800,0.642807018,14656,0.307851098,0.338058212,0.130255281,0.088075415,0.046308402,0.041560586,0.001376178,0.046514828
5954012,"Gevelsberg, Stadt",2017-05-14,23544,0.662079511,15588,0.259254457,0.398444084,0.124408428,0.074619125,0.052188006,0.041750405,0.000842788,0.048492707
5954016,"Hattingen, Stadt",2017-05-14,43691,0.66949715,29251,0.289159545,0.35157953,0.119615238,0.078059583,0.059132902,0.052558735,0.001280233,0.048614235
5954020,"Herdecke, Stadt",2017-05-14,18831,0.71339812,13434,0.270310857,0.361465686,0.143490014,0.068553837,0.067652801,0.0489563,0.000525604,0.039044902
5954024,"Schwelm, Stadt",2017-05-14,21161,0.642408204,13594,0.301495202,0.337424682,0.134196236,0.077810013,0.053261921,0.049691289,0.001636539,0.044484118
5954028,"Sprockhövel, Stadt",2017-05-14,20834,0.722136892,15045,0.296030093,0.331430107,0.154900249,0.071807617,0.062269094,0.039497548,0.000268691,0.043796601
5954032,"Wetter (Ruhr), Stadt",2017-05-14,21175,0.682361275,14449,0.268502341,0.381438256,0.115451814,0.069466769,0.067509959,0.04857083,0.00195681,0.047103222
5954036,"Witten, Stadt",2017-05-14,74299,0.64595755,47994,0.240247012,0.370750522,0.109553818,0.079035555,0.075958438,0.061458048,0.001159188,0.061837419
5958004,"Arnsberg, Stadt",2017-05-14,57039,0.63190098,36043,0.369894819,0.318926933,0.120845921,0.065961732,0.046659953,0.037204879,0.00069934,0.039806423
5958008,Bestwig,2017-05-14,7961,0.678181133,5399,0.445713216,0.289404717,0.101647323,0.049045301,0.029764133,0.027330588,0.005990266,0.051104455
5958012,"Brilon, Stadt",2017-05-14,20309,0.666650254,13539,0.463925234,0.253084112,0.114841121,0.071401869,0.026616822,0.033420561,0.000672897,0.036037383
5958016,Eslohe (Sauerland),2017-05-14,6890,0.71988389,4960,0.563529173,0.180931084,0.147794267,0.03821915,0.028054483,0.015653588,0.001016467,0.024801789
5958020,"Hallenberg, Stadt",2017-05-14,3461,0.69026293,2389,0.588459907,0.159949088,0.120916419,0.059397539,0.020364871,0.013152312,0,0.037759864
5958024,"Marsberg, Stadt",2017-05-14,16033,0.636499719,10205,0.42453111,0.303562568,0.096556515,0.066984221,0.038999702,0.037808872,0.000595415,0.030961596
5958028,"Medebach, Stadt",2017-05-14,6126,0.663565132,4065,0.609281437,0.131487026,0.112275449,0.047654691,0.020459082,0.016217565,0,0.06262475
5958032,"Meschede, Stadt",2017-05-14,22710,0.666094232,15127,0.452471483,0.264158495,0.124541392,0.053565473,0.035287839,0.029484357,0.001600961,0.038890001
5958036,"Olsberg, Stadt",2017-05-14,11597,0.686643097,7963,0.489977163,0.233823903,0.117736615,0.058868308,0.033620908,0.027277341,0.000507485,0.038188277
5958040,"Schmallenberg, Stadt",2017-05-14,19529,0.707153464,13810,0.543697848,0.200702679,0.124798712,0.042965891,0.036890646,0.020494803,0.000146391,0.03030303
5958044,"Sundern (Sauerland), Stadt",2017-05-14,21269,0.669001834,14229,0.432282004,0.267375482,0.135578707,0.062722991,0.039888683,0.028400171,0.000214072,0.033537891
5958048,"Winterberg, Stadt",2017-05-14,10466,0.690139499,7223,0.4951755,0.216193539,0.131869669,0.054397986,0.026849392,0.026849392,0.000559362,0.04810516
5962004,"Altena, Stadt",2017-05-14,13379,0.630017191,8429,0.303505204,0.367388444,0.105395382,0.090321809,0.043785142,0.039119512,0.002871157,0.047613351
5962008,"Balve, Stadt",2017-05-14,9018,0.700377024,6316,0.474744246,0.22778133,0.132033248,0.068254476,0.035965473,0.02269821,0.001278772,0.037244246
5962012,"Halver, Stadt",2017-05-14,12226,0.631195812,7717,0.353018201,0.318318712,0.119156737,0.071363101,0.054602593,0.04190127,0.000392824,0.041246563
5962016,"Hemer, Stadt",2017-05-14,25894,0.59245385,15341,0.334717006,0.308559004,0.119786519,0.100415102,0.041773737,0.043289188,0.001647229,0.049812216
5962020,Herscheid,2017-05-14,5611,0.69132062,3879,0.328909706,0.329169919,0.1225605,0.098620869,0.038251366,0.036690086,0.002862347,0.042935207
5962024,"Iserlohn, Stadt",2017-05-14,68558,0.612488696,41991,0.347602987,0.304215852,0.114695254,0.099036377,0.040375813,0.046832089,0.001421344,0.045820284
5962028,"Kierspe, Stadt",2017-05-14,12117,0.571098457,6920,0.330998249,0.339462931,0.114856976,0.076328079,0.046993579,0.04392878,0.000145943,0.047285464
5962032,"Lüdenscheid, Stadt",2017-05-14,51355,0.589426541,30270,0.317474106,0.343635149,0.121015703,0.083695289,0.042532576,0.044370197,0.001737387,0.045539592
5962036,"Meinerzhagen, Stadt",2017-05-14,14736,0.595548317,8776,0.347270214,0.304768487,0.124049758,0.09122322,0.039391845,0.042732089,0.002418798,0.048145589
5962040,"Menden (Sauerland), Stadt",2017-05-14,40911,0.626555205,25633,0.388656457,0.292153458,0.126894537,0.074044837,0.045705715,0.034891064,0.001341964,0.036311967
5962044,Nachrodt-Wiblingwerde,2017-05-14,4874,0.652441526,3180,0.327624485,0.343165239,0.122105931,0.091658738,0.031398668,0.037424675,0.003171583,0.043450682
5962048,"Neuenrade, Stadt",2017-05-14,8605,0.687855898,5919,0.372869802,0.315439673,0.12542604,0.082992502,0.03459441,0.027607362,0.001022495,0.040047716
5962052,"Plettenberg, Stadt",2017-05-14,17853,0.584663642,10438,0.329757418,0.36802938,0.119551561,0.091910699,0.024354885,0.025128056,0.001932927,0.039335073
5962056,Schalksmühle,2017-05-14,8245,0.6793208,5601,0.317454611,0.345137516,0.155491641,0.064893043,0.043501708,0.030918569,0.000359518,0.042243394
5962060,"Werdohl, Stadt",2017-05-14,11552,0.577129501,6667,0.307447293,0.382981951,0.100864553,0.099499469,0.029425148,0.034278781,0.004246929,0.041255877
5966004,"Attendorn, Stadt",2017-05-14,17616,0.656675749,11568,0.443405297,0.284240888,0.120356612,0.052442968,0.031028756,0.033913119,0.000437025,0.034175334
5966008,"Drolshagen, Stadt",2017-05-14,9280,0.677801724,6290,0.563583815,0.181117534,0.132305716,0.049132948,0.028259473,0.01701991,0.00032113,0.028259473
5966012,Finnentrop,2017-05-14,12786,0.649382137,8303,0.533122645,0.221952109,0.110246749,0.052388477,0.026498116,0.017624894,0.000972408,0.037194603
5966016,Kirchhundem,2017-05-14,9263,0.686170787,6356,0.506016466,0.236383787,0.115104497,0.052406586,0.031982267,0.02279924,0.000316656,0.0349905
5966020,"Lennestadt, Stadt",2017-05-14,19595,0.660321511,12939,0.438226801,0.299461484,0.107547023,0.057831889,0.038086319,0.023803949,0.001170686,0.033871849
5966024,"Olpe, Stadt",2017-05-14,18756,0.651684794,12223,0.499546017,0.2064383,0.15592241,0.049773009,0.036978952,0.023111845,0.000577796,0.027651671
5966028,Wenden,2017-05-14,15503,0.686834806,10648,0.532737812,0.199182743,0.126579873,0.053691913,0.029839399,0.024897843,0.001615509,0.031454908
5970004,"Bad Berleburg, Stadt",2017-05-14,15235,0.682310469,10395,0.390521604,0.354904632,0.088166602,0.071915142,0.034059946,0.031237836,0.000486571,0.028707668
5970008,Burbach,2017-05-14,10852,0.61352746,6658,0.422848439,0.286062452,0.097029703,0.081340442,0.040822544,0.03488195,0.000913938,0.036100533
5970012,Erndtebrück,2017-05-14,5665,0.678552515,3844,0.38112713,0.351245085,0.10406291,0.074442988,0.035124509,0.024377457,0.000262123,0.029357798
5970016,"Freudenberg, Stadt",2017-05-14,14241,0.671862931,9568,0.346247229,0.336535416,0.117386256,0.079383511,0.052570463,0.029979943,0.000527816,0.037369366
5970020,"Hilchenbach, Stadt",2017-05-14,11750,0.657702128,7728,0.312874642,0.360568152,0.118582226,0.077404222,0.052514986,0.036095908,0.000521241,0.041438624
5970024,"Kreuztal, Stadt",2017-05-14,22685,0.64668283,14670,0.284809255,0.382316485,0.108249552,0.081118303,0.053987054,0.041316623,0.002272414,0.045930313
5970028,"Bad Laasphe, Stadt",2017-05-14,10932,0.64251738,7024,0.374261421,0.353076812,0.087620695,0.091223519,0.031416631,0.032425422,0.000576452,0.029399049
5970032,"Netphen, Stadt",2017-05-14,18438,0.695520121,12824,0.388358703,0.282435523,0.126666141,0.081946526,0.046454768,0.036201593,0.000709835,0.037226911
5970036,Neunkirchen,2017-05-14,9789,0.611502707,5986,0.347613426,0.338842975,0.110642604,0.093439029,0.033563839,0.037105751,0.00202395,0.036768426
5970040,"Siegen, Stadt",2017-05-14,76971,0.62142885,47832,0.301525588,0.322740143,0.109369057,0.084668047,0.063812703,0.064087394,0.002451084,0.051345983
5970044,Wilnsdorf,2017-05-14,16428,0.718955442,11811,0.411101623,0.270794193,0.128010248,0.08146883,0.039965841,0.033048676,8.53971E-05,0.035525192
5974004,Anröchte,2017-05-14,8172,0.667890357,5458,0.387959866,0.285581568,0.142140468,0.072277964,0.040691193,0.037346711,0,0.03400223
5974008,Bad Sassendorf,2017-05-14,9605,0.690994274,6637,0.343754766,0.328656398,0.145645875,0.070916578,0.04209242,0.034009456,0.000610035,0.034314473
5974012,Ense,2017-05-14,9741,0.706600965,6883,0.419065805,0.293478261,0.117068155,0.061692127,0.043918919,0.030992949,0.00073443,0.033049354
5974016,"Erwitte, Stadt",2017-05-14,12600,0.692777778,8729,0.370147178,0.287171167,0.173484761,0.066751651,0.034650597,0.035461815,0.000579441,0.03175339
5974020,"Geseke, Stadt",2017-05-14,15767,0.617238536,9732,0.377906977,0.311461794,0.115448505,0.076723422,0.045265781,0.037479236,0.001142027,0.034572259
5974024,Lippetal,2017-05-14,9452,0.71159543,6726,0.455022489,0.275412294,0.114542729,0.051274363,0.044677661,0.028935532,0.000149925,0.029985007
5974028,"Lippstadt, Stadt",2017-05-14,50766,0.612713233,31105,0.333344175,0.322643596,0.123170494,0.074676381,0.059032069,0.050998504,0.000520393,0.035614389
5974032,Möhnesee,2017-05-14,9030,0.712181617,6431,0.387376043,0.287265859,0.141193137,0.064064222,0.052258775,0.036832992,0.000157406,0.030851566
5974036,"Rüthen, Stadt",2017-05-14,8294,0.720159151,5973,0.422492401,0.284194529,0.124282337,0.065349544,0.035798717,0.032083755,0.000168862,0.035629855
5974040,"Soest, Stadt",2017-05-14,37038,0.642259301,23788,0.301073444,0.334082906,0.135007849,0.070686071,0.06580678,0.052866053,0.001060715,0.039416182
5974044,"Warstein, Stadt",2017-05-14,20570,0.653670394,13446,0.374135338,0.352857143,0.106015038,0.051503759,0.047368421,0.037819549,0.000300752,0.03
5974048,Welver,2017-05-14,9944,0.723652454,7196,0.327751196,0.349423023,0.118491416,0.081198987,0.048128342,0.036448072,0.000140726,0.038418238
5974052,"Werl, Stadt",2017-05-14,22583,0.619625382,13993,0.375586854,0.295774648,0.117732033,0.078223185,0.052076562,0.040808956,0.001083424,0.038714337
5974056,Wickede (Ruhr),2017-05-14,8765,0.650770108,5704,0.362927521,0.340776183,0.10579479,0.067694489,0.045011519,0.038809144,0.000708843,0.038277512
5978004,"Bergkamen, Stadt",2017-05-14,36311,0.615075322,22334,0.21655878,0.463627722,0.078765108,0.096328822,0.043592413,0.042551265,0.002716038,0.055859852
5978008,Bönen,2017-05-14,13531,0.651393097,8814,0.234625975,0.434373566,0.099586966,0.084212942,0.052661771,0.038090867,0.001835704,0.054612207
5978012,"Fröndenberg / Ruhr, Stadt",2017-05-14,16710,0.690843806,11544,0.31476469,0.346546756,0.125469309,0.069152187,0.056841002,0.038505195,0.000698507,0.048022352
5978016,Holzwickede,2017-05-14,13626,0.708938793,9660,0.277197745,0.358321153,0.141574441,0.07235331,0.059406974,0.04207559,0.000417624,0.048653163
5978020,"Kamen, Stadt",2017-05-14,34221,0.674118231,23069,0.247671928,0.430551305,0.088182573,0.075809907,0.056791851,0.046211691,0.00126787,0.053512875
5978024,"Lünen, Stadt",2017-05-14,63777,0.604685075,38565,0.249632507,0.406971861,0.090954431,0.09801554,0.043941621,0.047249055,0.003806174,0.059428811
5978028,"Schwerte, Stadt",2017-05-14,36696,0.693863091,25462,0.282720646,0.364363809,0.115829504,0.076968785,0.063262557,0.047219141,0.001307241,0.048328316
5978032,"Selm, Stadt",2017-05-14,20950,0.633556086,13273,0.328762949,0.345292505,0.101843388,0.089884217,0.044637416,0.038162706,0.000533211,0.050883608
5978036,"Unna, Stadt",2017-05-14,47155,0.657915385,31024,0.273319437,0.375065138,0.114512767,0.068264721,0.072010162,0.049309536,0.00068395,0.046834289
5978040,"Werne, Stadt",2017-05-14,24051,0.680304353,16362,0.365097943,0.322656154,0.114204755,0.065418258,0.050572872,0.038437846,0.000431194,0.043180978