stimmbezirk,valid_votes,eligible_voters,cdu_csu,spd,gruene,linke_pds,fdp,afd,ad_demokraten,other
10101,1549,2183,0.263395739,0.205939316,0.163331181,0.118140736,0.154293092,0.048418334,0.001291156,0.045190445
10102,1470,1458,0.279591837,0.205442177,0.155782313,0.142176871,0.134013605,0.042176871,0.001360544,0.039455782
10103,1670,1648,0.254491018,0.218562874,0.192215569,0.115568862,0.138323353,0.037125749,0.001197605,0.04251497
10104,1399,1713,0.228734811,0.182273052,0.200142959,0.137955683,0.153681201,0.051465332,0.002144389,0.043602573
10105,1191,1269,0.257766583,0.199832074,0.16372796,0.184718724,0.122586062,0.034424853,0,0.036943745
10106,1151,1233,0.245004344,0.19374457,0.198957428,0.12945265,0.164205039,0.03214596,0,0.036490009
10107,1537,2111,0.247234873,0.200390371,0.164606376,0.145087833,0.158100195,0.038386467,0,0.046193884
10108,1112,1721,0.227517986,0.240107914,0.160971223,0.117805755,0.151978417,0.053057554,0.002697842,0.045863309
10109,672,1491,0.163690476,0.226190476,0.175595238,0.181547619,0.15922619,0.049107143,0.010416667,0.03422619
10110,535,1114,0.175700935,0.214953271,0.218691589,0.209345794,0.112149533,0.031775701,0.005607477,0.031775701
10111,532,1243,0.172932331,0.212406015,0.176691729,0.189849624,0.137218045,0.043233083,0.005639098,0.062030075
10112,379,913,0.176781003,0.242744063,0.18469657,0.226912929,0.084432718,0.055408971,0.005277045,0.023746702
10113,298,675,0.204697987,0.32885906,0.110738255,0.17114094,0.10738255,0.05033557,0,0.026845638
10114,458,1049,0.189956332,0.211790393,0.209606987,0.148471616,0.139737991,0.058951965,0.004366812,0.037117904
10115,290,763,0.189655172,0.206896552,0.175862069,0.196551724,0.15862069,0.044827586,0,0.027586207
10116,378,908,0.187830688,0.177248677,0.203703704,0.185185185,0.14021164,0.066137566,0,0.03968254
10117,348,821,0.227011494,0.232758621,0.149425287,0.16954023,0.132183908,0.051724138,0,0.037356322
10118,390,857,0.230769231,0.233333333,0.158974359,0.148717949,0.138461538,0.046153846,0,0.043589744
10119,394,877,0.223350254,0.208121827,0.180203046,0.129441624,0.139593909,0.068527919,0,0.050761421
10120,628,1628,0.210191083,0.214968153,0.143312102,0.141719745,0.179936306,0.062101911,0.003184713,0.044585987
10201,1698,1595,0.197879859,0.184334511,0.237338045,0.164899882,0.14664311,0.030624264,0.001177856,0.037102473
10202,1729,1667,0.187391556,0.219201851,0.243493349,0.165413534,0.116830538,0.03470214,0,0.032967033
10203,1442,1477,0.22260749,0.20110957,0.196255201,0.181692094,0.133148405,0.024965326,0,0.040221914
10204,1565,1443,0.257507987,0.175079872,0.201277955,0.139936102,0.160383387,0.029392971,0,0.036421725
10205,1760,1545,0.236363636,0.202840909,0.206818182,0.146022727,0.142045455,0.023863636,0,0.042045455
10206,1593,1326,0.23477715,0.204017577,0.217200251,0.146264909,0.138731952,0.019460138,0,0.039548023
10207,1478,1427,0.201623816,0.186738836,0.215155616,0.152232747,0.171853857,0.02300406,0.00135318,0.048037889
10208,1370,1255,0.213868613,0.175182482,0.206569343,0.14379562,0.175182482,0.039416058,0,0.045985401
10209,1167,1328,0.211653813,0.16538132,0.22622108,0.160239931,0.168808912,0.025706941,0.000856898,0.041131105
10210,387,784,0.139534884,0.196382429,0.235142119,0.217054264,0.11627907,0.025839793,0,0.069767442
10211,403,776,0.17369727,0.168734491,0.220843672,0.225806452,0.11662531,0.027295285,0.004962779,0.062034739
10212,469,847,0.176972281,0.185501066,0.236673774,0.223880597,0.113006397,0.021321962,0,0.042643923
10213,339,714,0.109144543,0.227138643,0.185840708,0.268436578,0.1179941,0.038348083,0.008849558,0.044247788
10214,333,735,0.189189189,0.234234234,0.198198198,0.174174174,0.09009009,0.051051051,0.009009009,0.054054054
10215,304,641,0.184210526,0.203947368,0.269736842,0.203947368,0.082236842,0.013157895,0,0.042763158
10216,363,727,0.201101928,0.209366391,0.245179063,0.168044077,0.101928375,0.038567493,0.002754821,0.033057851
10217,462,997,0.207792208,0.188311688,0.216450216,0.164502165,0.153679654,0.041125541,0,0.028138528
10218,388,814,0.213917526,0.206185567,0.239690722,0.141752577,0.144329897,0.025773196,0,0.028350515
10219,413,895,0.191283293,0.191283293,0.203389831,0.147699758,0.13559322,0.055690073,0.004842615,0.070217918
10220,436,866,0.211009174,0.169724771,0.21559633,0.20412844,0.112385321,0.036697248,0.006880734,0.043577982
10221,394,874,0.14213198,0.187817259,0.21319797,0.263959391,0.083756345,0.032994924,0.007614213,0.068527919
10222,622,1438,0.18488746,0.186495177,0.213826367,0.168810289,0.149517685,0.051446945,0.004823151,0.040192926
10223,425,953,0.176470588,0.171764706,0.225882353,0.188235294,0.124705882,0.044705882,0.004705882,0.063529412
10224,355,829,0.174647887,0.169014085,0.222535211,0.208450704,0.121126761,0.042253521,0,0.061971831
10225,438,983,0.184931507,0.173515982,0.228310502,0.205479452,0.121004566,0.03652968,0.002283105,0.047945205
10226,451,870,0.146341463,0.184035477,0.237250554,0.215077605,0.135254989,0.031042129,0.00443459,0.046563193
10227,400,786,0.1925,0.1775,0.2875,0.1725,0.1175,0.02,0,0.0325
10228,283,658,0.155477032,0.197879859,0.19434629,0.247349823,0.113074205,0.028268551,0.003533569,0.060070671
10229,438,897,0.210045662,0.200913242,0.203196347,0.182648402,0.116438356,0.043378995,0,0.043378995
10230,384,881,0.153645833,0.208333333,0.21875,0.1953125,0.138020833,0.033854167,0,0.052083333
10231,419,894,0.212410501,0.14797136,0.238663484,0.140811456,0.183770883,0.028639618,0.00477327,0.042959427
10232,414,859,0.164251208,0.169082126,0.234299517,0.195652174,0.169082126,0.026570048,0,0.041062802
10233,475,1027,0.210526316,0.214736842,0.2,0.189473684,0.105263158,0.023157895,0.008421053,0.048421053
10234,536,1124,0.190298507,0.166044776,0.255597015,0.15858209,0.141791045,0.044776119,0.001865672,0.041044776
10235,506,1102,0.197628458,0.183794466,0.193675889,0.177865613,0.16798419,0.033596838,0.001976285,0.043478261
10301,1717,2002,0.312754805,0.156668608,0.151426907,0.10366919,0.202679091,0.041933605,0,0.030867793
10302,1070,1461,0.302803738,0.178504673,0.148598131,0.096261682,0.173831776,0.058878505,0,0.041121495
10303,1133,1372,0.291262136,0.182700794,0.175639894,0.104148279,0.169461606,0.033539276,0,0.043248014
10304,1282,1494,0.248829953,0.166926677,0.18798752,0.145085803,0.154446178,0.036661466,0.001560062,0.05850234
10305,1353,1454,0.290465632,0.164079823,0.145602365,0.097560976,0.222468588,0.0436068,0,0.036215817
10306,373,708,0.214477212,0.203753351,0.168900804,0.193029491,0.123324397,0.058981233,0.002680965,0.034852547
10307,293,597,0.249146758,0.235494881,0.167235495,0.146757679,0.116040956,0.040955631,0,0.044368601
10308,422,828,0.191943128,0.161137441,0.222748815,0.199052133,0.120853081,0.05450237,0.002369668,0.047393365
10309,340,787,0.332352941,0.167647059,0.182352941,0.123529412,0.114705882,0.05,0.002941176,0.026470588
10310,522,1289,0.14559387,0.206896552,0.227969349,0.208812261,0.111111111,0.040229885,0.007662835,0.051724138
10311,337,749,0.195845697,0.210682493,0.207715134,0.169139466,0.115727003,0.03264095,0.005934718,0.06231454
10312,381,880,0.225721785,0.199475066,0.194225722,0.152230971,0.133858268,0.052493438,0,0.041994751
10313,679,1461,0.298969072,0.162002946,0.157584683,0.111929308,0.17820324,0.050073638,0.001472754,0.039764359
10314,599,1441,0.196994992,0.186978297,0.170283806,0.150250417,0.198664441,0.053422371,0.003338898,0.040066778
10401,1192,1330,0.247483221,0.16442953,0.190436242,0.109899329,0.189597315,0.043624161,0.004194631,0.05033557
10402,1483,1425,0.238705327,0.180040459,0.209710047,0.135536076,0.159811194,0.031692515,0,0.044504383
10403,1188,1268,0.241582492,0.170875421,0.224747475,0.112794613,0.186868687,0.028619529,0,0.034511785
10404,1284,1397,0.242211838,0.179127726,0.183021807,0.144859813,0.152647975,0.042834891,0.000778816,0.054517134
10405,907,1198,0.180815877,0.21168688,0.217199559,0.166482911,0.142227122,0.028665932,0.001102536,0.051819184
10406,1038,1163,0.210019268,0.210019268,0.210982659,0.151252408,0.124277457,0.040462428,0.001926782,0.05105973
10407,1211,1473,0.26507019,0.183319571,0.205615194,0.125516102,0.144508671,0.041288192,0.000825764,0.033856317
10408,1288,1360,0.208074534,0.185559006,0.224378882,0.152950311,0.161490683,0.028726708,0.000776398,0.038043478
10409,1503,1635,0.244843646,0.180306055,0.188290086,0.125748503,0.168995343,0.045908184,0.001330672,0.044577512
10410,353,721,0.172804533,0.150141643,0.235127479,0.172804533,0.178470255,0.036827195,0,0.053824363
10411,724,1569,0.187845304,0.182320442,0.214088398,0.14640884,0.158839779,0.066298343,0.001381215,0.04281768
10412,581,1271,0.153184165,0.220309811,0.204819277,0.192771084,0.120481928,0.036144578,0.008605852,0.063683305
10413,648,1411,0.132716049,0.189814815,0.270061728,0.211419753,0.095679012,0.041666667,0.00308642,0.055555556
10414,318,682,0.135220126,0.235849057,0.235849057,0.232704403,0.078616352,0.047169811,0,0.034591195
10415,368,710,0.220108696,0.217391304,0.206521739,0.190217391,0.078804348,0.043478261,0.002717391,0.04076087
10416,395,732,0.149367089,0.197468354,0.278481013,0.197468354,0.101265823,0.040506329,0,0.035443038
10417,350,715,0.205714286,0.188571429,0.185714286,0.171428571,0.134285714,0.045714286,0.002857143,0.065714286
10418,314,688,0.23566879,0.251592357,0.200636943,0.175159236,0.111464968,0.015923567,0,0.00955414
10419,280,616,0.214285714,0.207142857,0.296428571,0.139285714,0.085714286,0.021428571,0,0.035714286
10420,389,750,0.143958869,0.195372751,0.277634961,0.174807198,0.118251928,0.033419023,0,0.05655527
10421,346,636,0.210982659,0.164739884,0.265895954,0.179190751,0.112716763,0.040462428,0,0.026011561
10422,713,1337,0.162692847,0.199158485,0.218793829,0.196353436,0.133239832,0.051893408,0,0.037868163
10423,573,1191,0.221640489,0.184991274,0.202443281,0.113438045,0.181500873,0.04886562,0,0.047120419
10424,346,697,0.257225434,0.179190751,0.138728324,0.098265896,0.23699422,0.054913295,0,0.034682081
10425,493,890,0.210953347,0.206896552,0.249492901,0.160243408,0.113590264,0.028397566,0,0.030425963
10501,1312,1491,0.246189024,0.208079268,0.222560976,0.121189024,0.128810976,0.037347561,0.000762195,0.035060976
10502,1334,1822,0.270614693,0.209145427,0.181409295,0.117691154,0.130434783,0.047226387,0.000749625,0.042728636
10503,1267,1375,0.228887135,0.224940805,0.151539069,0.131018153,0.146014207,0.049723757,0.001578532,0.066298343
10504,1034,1193,0.303675048,0.239845261,0.112185687,0.099613153,0.137330754,0.054158607,0,0.053191489
10505,1194,1384,0.272194305,0.232830821,0.179229481,0.125628141,0.108040201,0.034338358,0.000837521,0.046901173
10506,336,695,0.1875,0.208333333,0.199404762,0.148809524,0.119047619,0.080357143,0.00297619,0.053571429
10507,482,1291,0.20746888,0.2406639,0.139004149,0.163900415,0.093360996,0.10373444,0.002074689,0.049792531
10508,358,701,0.231843575,0.229050279,0.201117318,0.164804469,0.083798883,0.030726257,0,0.058659218
10509,295,643,0.216949153,0.26779661,0.149152542,0.13220339,0.105084746,0.071186441,0,0.057627119
10510,577,1119,0.233968804,0.19237435,0.187175043,0.17677643,0.093587522,0.071057192,0.003466205,0.041594454
10511,546,1285,0.217948718,0.238095238,0.137362637,0.159340659,0.119047619,0.078754579,0.005494505,0.043956044
10512,323,647,0.185758514,0.312693498,0.111455108,0.13622291,0.089783282,0.077399381,0.012383901,0.074303406
10513,351,820,0.222222222,0.245014245,0.142450142,0.148148148,0.108262108,0.054131054,0.014245014,0.065527066
20101,1465,1431,0.253924915,0.180204778,0.174061433,0.135836177,0.174744027,0.040273038,0.006825939,0.034129693
20102,1878,2085,0.317358892,0.162406816,0.132587859,0.099574015,0.197018104,0.051650692,0.000532481,0.03887114
20103,396,864,0.191919192,0.196969697,0.204545455,0.154040404,0.148989899,0.058080808,0,0.045454545
20104,422,881,0.281990521,0.21563981,0.17535545,0.130331754,0.120853081,0.023696682,0.002369668,0.049763033
20105,508,1167,0.265748031,0.208661417,0.145669291,0.108267717,0.196850394,0.045275591,0,0.029527559
20106,419,937,0.22673031,0.214797136,0.131264916,0.093078759,0.243436754,0.057279236,0,0.033412888
20107,365,730,0.284931507,0.142465753,0.210958904,0.117808219,0.169863014,0.049315068,0,0.024657534
20108,308,633,0.24025974,0.181818182,0.155844156,0.175324675,0.126623377,0.061688312,0,0.058441558
20201,850,694,0.358823529,0.141176471,0.110588235,0.048235294,0.265882353,0.055294118,0,0.02
20202,1697,1212,0.350029464,0.124926341,0.086623453,0.051266942,0.293459045,0.065409546,0.001767826,0.026517384
20203,467,2214,0.372591006,0.113490364,0.068522484,0.040685225,0.340471092,0.055674518,0,0.00856531
20204,850,1968,0.272941176,0.181176471,0.130588235,0.078823529,0.217647059,0.081176471,0.004705882,0.032941176
20301,1977,2299,0.246838644,0.2215478,0.156803237,0.113808801,0.135558928,0.074355083,0.003540718,0.047546788
20302,580,1510,0.213793103,0.294827586,0.106896552,0.136206897,0.105172414,0.1,0.005172414,0.037931034
20303,665,1442,0.209022556,0.231578947,0.204511278,0.126315789,0.132330827,0.058646617,0,0.037593985
20401,1567,1759,0.299936184,0.220804084,0.131461391,0.098276962,0.143586471,0.071474154,0.000638162,0.033822591
20402,479,1073,0.256784969,0.250521921,0.139874739,0.104384134,0.139874739,0.056367432,0,0.052192067
20403,447,919,0.255033557,0.272930649,0.096196868,0.120805369,0.105145414,0.100671141,0.008948546,0.040268456
20404,340,717,0.205882353,0.223529412,0.161764706,0.167647059,0.129411765,0.091176471,0.002941176,0.017647059
20501,1861,2666,0.275120903,0.248790973,0.134873724,0.089736701,0.148307362,0.071466953,0.000537346,0.03116604
20502,1293,1476,0.242072699,0.249806651,0.141531323,0.136117556,0.120649652,0.05645785,0.003866976,0.049497293
20503,1301,1271,0.245196003,0.224442736,0.169869331,0.148347425,0.118370484,0.036894696,0.001537279,0.055342045
20504,1305,1372,0.222222222,0.273563218,0.133333333,0.128735632,0.137931034,0.056704981,0.001532567,0.045977011
20505,1091,1182,0.22456462,0.275893676,0.164069661,0.121906508,0.092575619,0.080659945,0.00091659,0.039413382
20506,1214,1355,0.264415157,0.277594728,0.102965404,0.129324547,0.10708402,0.079901153,0,0.038714992
20507,410,917,0.304878049,0.241463415,0.087804878,0.141463415,0.109756098,0.06097561,0.002439024,0.051219512
20508,400,848,0.2375,0.21,0.1625,0.16,0.1125,0.0675,0.0025,0.0475
20509,576,1543,0.199652778,0.229166667,0.154513889,0.1875,0.104166667,0.069444444,0.003472222,0.052083333
20510,630,1320,0.20952381,0.238095238,0.180952381,0.13968254,0.123809524,0.061904762,0.003174603,0.042857143
20511,312,702,0.185897436,0.288461538,0.131410256,0.176282051,0.08974359,0.067307692,0.016025641,0.044871795
20512,356,751,0.18258427,0.266853933,0.154494382,0.18258427,0.08988764,0.087078652,0,0.036516854
20513,400,763,0.2275,0.2725,0.1125,0.1375,0.0875,0.0875,0.0075,0.0675
20514,335,680,0.188059701,0.226865672,0.131343284,0.197014925,0.113432836,0.101492537,0,0.041791045
20515,298,685,0.137583893,0.281879195,0.181208054,0.177852349,0.067114094,0.100671141,0,0.053691275
20516,302,663,0.188741722,0.291390728,0.112582781,0.152317881,0.086092715,0.11589404,0.003311258,0.049668874
20517,270,560,0.22962963,0.277777778,0.137037037,0.188888889,0.081481481,0.044444444,0,0.040740741
20518,549,1386,0.258652095,0.278688525,0.102003643,0.14571949,0.074681239,0.100182149,0.007285974,0.032786885
20601,984,1256,0.391260163,0.201219512,0.05995935,0.05995935,0.166666667,0.084349593,0.004065041,0.032520325
20602,1133,1272,0.367166814,0.210944395,0.06619594,0.061782877,0.173874669,0.090026478,0.002647838,0.027360989
20603,1017,1234,0.387413963,0.18387414,0.078662734,0.053097345,0.166175025,0.095378564,0.001966568,0.033431662
20604,248,674,0.366935484,0.201612903,0.080645161,0.056451613,0.157258065,0.120967742,0,0.016129032
20605,294,643,0.37414966,0.221088435,0.085034014,0.078231293,0.173469388,0.057823129,0,0.010204082
20606,337,595,0.308605341,0.231454006,0.127596439,0.050445104,0.166172107,0.086053412,0,0.029673591
20607,336,768,0.31547619,0.241071429,0.080357143,0.092261905,0.154761905,0.083333333,0,0.032738095
20608,384,726,0.25,0.276041667,0.130208333,0.044270833,0.1328125,0.125,0.018229167,0.0234375
20609,353,768,0.294617564,0.201133144,0.104815864,0.059490085,0.223796034,0.090651558,0,0.025495751
20610,339,763,0.280235988,0.238938053,0.091445428,0.085545723,0.203539823,0.067846608,0.002949853,0.029498525
20701,985,1279,0.426395939,0.059898477,0.03248731,0.024365482,0.370558376,0.075126904,0,0.011167513
20702,300,642,0.433333333,0.033333333,0.043333333,0.013333333,0.406666667,0.063333333,0,0.006666667
20801,1160,1253,0.334482759,0.201724138,0.117241379,0.049137931,0.205172414,0.056034483,0,0.036206897
20802,1233,1306,0.377128954,0.173560422,0.123276561,0.062449311,0.197891322,0.0486618,0.00162206,0.01540957
20803,1348,1773,0.364985163,0.162462908,0.12388724,0.045252226,0.227744807,0.0615727,0,0.014094955
20804,1532,1960,0.338772846,0.204960836,0.103133159,0.075065274,0.192558747,0.057441253,0.003916449,0.024151436
20805,1616,2068,0.389851485,0.136757426,0.086633663,0.048886139,0.261757426,0.050742574,0.002475248,0.02289604
20806,283,675,0.342756184,0.155477032,0.106007067,0.053003534,0.279151943,0.056537102,0,0.007067138
20807,302,703,0.30794702,0.149006623,0.112582781,0.086092715,0.274834437,0.052980132,0,0.016556291
20808,370,769,0.305405405,0.202702703,0.143243243,0.108108108,0.167567568,0.045945946,0,0.027027027
20809,317,857,0.283911672,0.220820189,0.082018927,0.107255521,0.208201893,0.059936909,0,0.03785489
20810,449,998,0.331848552,0.180400891,0.135857461,0.080178174,0.211581292,0.04454343,0.002227171,0.013363029
20811,406,849,0.261083744,0.263546798,0.103448276,0.088669951,0.137931034,0.110837438,0,0.034482759
20812,312,739,0.326923077,0.121794872,0.144230769,0.060897436,0.28525641,0.038461538,0,0.022435897
20813,278,770,0.352517986,0.151079137,0.107913669,0.04676259,0.241007194,0.064748201,0,0.035971223
20814,476,1271,0.323529412,0.144957983,0.201680672,0.071428571,0.18697479,0.050420168,0.00210084,0.018907563
20901,1191,1406,0.356842989,0.214105793,0.117548279,0.065491184,0.167086482,0.052057095,0.001679261,0.025188917
20902,1094,1289,0.374771481,0.18464351,0.117001828,0.053016453,0.195612431,0.050274223,0,0.024680073
20903,369,807,0.233062331,0.243902439,0.119241192,0.086720867,0.176151762,0.100271003,0.005420054,0.035230352
20904,344,700,0.290697674,0.200581395,0.200581395,0.093023256,0.125,0.063953488,0,0.026162791
20905,408,750,0.316176471,0.225490196,0.183823529,0.071078431,0.142156863,0.039215686,0,0.022058824
20906,271,628,0.291512915,0.199261993,0.180811808,0.066420664,0.195571956,0.04797048,0.003690037,0.014760148
21001,1167,1360,0.330762639,0.217652099,0.107969152,0.074550129,0.17823479,0.059982862,0,0.030848329
21002,1078,1316,0.306122449,0.192949907,0.108534323,0.069573284,0.217068646,0.069573284,0,0.036178108
21003,1492,1540,0.371313673,0.160857909,0.134718499,0.063002681,0.195040214,0.044906166,0.002680965,0.027479893
21004,539,1029,0.220779221,0.211502783,0.179962894,0.107606679,0.159554731,0.085343228,0.014842301,0.020408163
21005,454,869,0.255506608,0.226872247,0.154185022,0.101321586,0.211453744,0.039647577,0.002202643,0.008810573
21006,361,790,0.238227147,0.252077562,0.16066482,0.088642659,0.108033241,0.102493075,0.008310249,0.041551247
21007,498,1012,0.285140562,0.18875502,0.202811245,0.070281124,0.182730924,0.048192771,0,0.022088353
21008,334,675,0.269461078,0.209580838,0.170658683,0.053892216,0.19760479,0.068862275,0,0.02994012
21009,567,1275,0.347442681,0.194003527,0.144620811,0.065255732,0.181657848,0.035273369,0,0.031746032
21101,646,990,0.281733746,0.291021672,0.052631579,0.07120743,0.116099071,0.131578947,0.007739938,0.047987616
21102,359,793,0.292479109,0.278551532,0.066852368,0.066852368,0.13091922,0.105849582,0.013927577,0.044568245
21201,718,988,0.302228412,0.292479109,0.058495822,0.064066852,0.150417827,0.101671309,0.002785515,0.027855153
21202,355,754,0.276056338,0.233802817,0.126760563,0.076056338,0.14084507,0.115492958,0,0.030985915
21301,1133,1218,0.343336275,0.26831421,0.060017652,0.063548102,0.115622242,0.090026478,0.005295675,0.053839365
21302,312,589,0.259615385,0.298076923,0.057692308,0.102564103,0.128205128,0.102564103,0.009615385,0.041666667
21303,590,1347,0.261016949,0.296610169,0.057627119,0.055932203,0.125423729,0.13559322,0.03559322,0.03220339
21304,233,994,0.184549356,0.25751073,0.068669528,0.090128755,0.103004292,0.158798283,0.077253219,0.060085837
30101,1671,2237,0.332136445,0.177139437,0.161579892,0.091561939,0.165769001,0.044883303,0.000598444,0.026331538
30102,1211,1301,0.263418662,0.191577209,0.214698596,0.106523534,0.145334434,0.040462428,0,0.037985136
30103,1509,1613,0.264413519,0.216037111,0.217362492,0.10139165,0.148442677,0.019880716,0,0.032471836
30104,432,758,0.206018519,0.217592593,0.222222222,0.175925926,0.12037037,0.030092593,0,0.027777778
30105,362,732,0.232044199,0.190607735,0.20441989,0.154696133,0.121546961,0.041436464,0.002762431,0.052486188
30106,347,627,0.181556196,0.259365994,0.190201729,0.195965418,0.086455331,0.069164265,0,0.017291066
30107,344,529,0.188953488,0.203488372,0.287790698,0.122093023,0.136627907,0.040697674,0,0.020348837
30108,352,686,0.178977273,0.190340909,0.244318182,0.196022727,0.079545455,0.039772727,0,0.071022727
30109,334,641,0.251497006,0.176646707,0.236526946,0.170658683,0.122754491,0.020958084,0,0.020958084
30110,690,1396,0.217391304,0.18115942,0.285507246,0.136231884,0.120289855,0.030434783,0.001449275,0.027536232
30201,1352,1424,0.235207101,0.224112426,0.222633136,0.124260355,0.13091716,0.030325444,0,0.032544379
30202,1451,1453,0.258442453,0.190213646,0.199172984,0.117849759,0.16471399,0.042039972,0.00068918,0.026878015
30203,1241,1533,0.261885576,0.194198227,0.152296535,0.128928284,0.172441579,0.050765512,0,0.039484287
30204,1402,1671,0.266048502,0.20256776,0.19828816,0.131954351,0.136947218,0.034950071,0.000713267,0.02853067
30205,1388,1498,0.288184438,0.17074928,0.191642651,0.110230548,0.15778098,0.044668588,0,0.036743516
30206,1034,1140,0.324951644,0.189555126,0.171179884,0.100580271,0.149903288,0.026112186,0.000967118,0.036750484
30207,1458,1595,0.278463649,0.203703704,0.189986283,0.118655693,0.140603567,0.033607682,0.000685871,0.034293553
30208,1400,1582,0.240714286,0.2,0.192142857,0.145,0.147857143,0.03,0,0.044285714
30209,1235,1277,0.215384615,0.195951417,0.255060729,0.136842105,0.12388664,0.030769231,0,0.042105263
30210,1093,1245,0.240622141,0.198536139,0.213174748,0.154620311,0.110704483,0.043915828,0,0.038426349
30211,1203,1379,0.311720698,0.186201164,0.178719867,0.094763092,0.15045719,0.044887781,0.000831255,0.032418953
30212,1248,1419,0.310897436,0.175480769,0.174679487,0.079326923,0.185096154,0.052884615,0,0.021634615
30213,339,773,0.221238938,0.17699115,0.233038348,0.138643068,0.120943953,0.050147493,0,0.05899705
30214,325,739,0.218461538,0.233846154,0.227692308,0.113846154,0.126153846,0.061538462,0,0.018461538
30215,323,688,0.349845201,0.145510836,0.182662539,0.092879257,0.154798762,0.037151703,0,0.037151703
30216,279,612,0.258064516,0.168458781,0.222222222,0.139784946,0.146953405,0.043010753,0,0.021505376
30217,370,734,0.189189189,0.283783784,0.208108108,0.12972973,0.094594595,0.051351351,0,0.043243243
30218,525,998,0.243809524,0.207619048,0.276190476,0.118095238,0.106666667,0.022857143,0,0.024761905
30219,704,1341,0.204545455,0.248579545,0.203125,0.150568182,0.115056818,0.042613636,0,0.035511364
30220,447,867,0.205816555,0.212527964,0.255033557,0.174496644,0.071588367,0.042505593,0,0.03803132
30221,415,882,0.228915663,0.204819277,0.204819277,0.125301205,0.154216867,0.045783133,0.004819277,0.031325301
30222,576,1201,0.1875,0.217013889,0.222222222,0.147569444,0.119791667,0.043402778,0,0.0625
30223,530,1118,0.20754717,0.173584906,0.239622642,0.175471698,0.130188679,0.033962264,0,0.039622642
30224,610,1245,0.157377049,0.229508197,0.245901639,0.203278689,0.101639344,0.021311475,0,0.040983607
30225,390,771,0.171794872,0.21025641,0.241025641,0.174358974,0.133333333,0.030769231,0.002564103,0.035897436
30226,374,711,0.176470588,0.203208556,0.248663102,0.179144385,0.114973262,0.029411765,0,0.048128342
30227,424,787,0.193396226,0.259433962,0.193396226,0.136792453,0.132075472,0.035377358,0.002358491,0.047169811
30228,346,716,0.234104046,0.242774566,0.199421965,0.158959538,0.080924855,0.037572254,0,0.046242775
30229,302,659,0.251655629,0.241721854,0.201986755,0.086092715,0.132450331,0.046357616,0,0.039735099
30230,338,600,0.213017751,0.25147929,0.171597633,0.112426036,0.174556213,0.056213018,0,0.020710059
30231,312,506,0.243589744,0.253205128,0.153846154,0.150641026,0.131410256,0.048076923,0,0.019230769
30232,296,597,0.219594595,0.277027027,0.199324324,0.125,0.118243243,0.037162162,0,0.023648649
30233,516,1163,0.294573643,0.156976744,0.224806202,0.079457364,0.182170543,0.050387597,0,0.011627907
30234,570,1276,0.261403509,0.249122807,0.166666667,0.112280702,0.11754386,0.049122807,0,0.043859649
30301,1541,1975,0.296560675,0.174561973,0.177806619,0.114211551,0.181700195,0.023361454,0.001297859,0.030499676
30302,1470,1736,0.318367347,0.180272109,0.170748299,0.102721088,0.157142857,0.045578231,0,0.025170068
30303,1382,1677,0.287988423,0.186685962,0.200434153,0.103473227,0.152677279,0.033285094,0.002170767,0.033285094
30304,1102,1297,0.280399274,0.170598911,0.183303085,0.127041742,0.17876588,0.025408348,0.000907441,0.033575318
30305,1382,1420,0.29739508,0.164254703,0.164978292,0.121562952,0.17366136,0.035455861,0.000723589,0.041968162
30306,1236,1428,0.323624595,0.165857605,0.162621359,0.096278317,0.198220065,0.03236246,0,0.021035599
30307,1187,1417,0.361415333,0.128896377,0.119629318,0.064869419,0.252737995,0.040438079,0,0.032013479
30308,1342,1468,0.346497765,0.142324888,0.112518629,0.064083458,0.2585693,0.036512668,0.000745156,0.038748137
30309,1108,1296,0.33032491,0.17599278,0.148916968,0.079422383,0.195848375,0.03700361,0.000902527,0.031588448
30310,1043,1403,0.351869607,0.135186961,0.145733461,0.083413231,0.220517737,0.032598274,0.001917546,0.028763183
30311,1698,1820,0.32155477,0.183745583,0.163722026,0.0795053,0.182567727,0.032391048,0,0.036513545
30312,250,730,0.248,0.184,0.196,0.144,0.176,0.016,0.004,0.032
30313,301,748,0.255813953,0.189368771,0.169435216,0.139534884,0.19269103,0.03654485,0,0.016611296
30314,319,713,0.260188088,0.150470219,0.235109718,0.097178683,0.191222571,0.043887147,0,0.021943574
30315,301,698,0.275747508,0.19269103,0.245847176,0.109634551,0.132890365,0.026578073,0,0.016611296
30316,355,768,0.335211268,0.146478873,0.191549296,0.050704225,0.216901408,0.042253521,0,0.016901408
30317,442,866,0.235294118,0.171945701,0.187782805,0.108597285,0.233031674,0.042986425,0,0.020361991
30318,467,1064,0.400428266,0.119914347,0.100642398,0.034261242,0.280513919,0.053533191,0,0.010706638
30319,256,616,0.31640625,0.12109375,0.14453125,0.078125,0.28125,0.0390625,0,0.01953125
30320,338,757,0.272189349,0.174556213,0.153846154,0.085798817,0.204142012,0.068047337,0,0.041420118
30321,301,744,0.322259136,0.23255814,0.089700997,0.083056478,0.212624585,0.03986711,0,0.019933555
30322,316,694,0.262658228,0.183544304,0.212025316,0.117088608,0.151898734,0.041139241,0,0.03164557
30323,659,1485,0.256449165,0.194233687,0.197268589,0.100151745,0.182094082,0.030349014,0.001517451,0.037936267
30324,621,1377,0.268921095,0.154589372,0.204508857,0.066022544,0.228663446,0.053140097,0,0.024154589
30325,605,1323,0.216528926,0.208264463,0.190082645,0.094214876,0.195041322,0.056198347,0,0.039669421
30326,753,1695,0.256308101,0.176626826,0.220451527,0.107569721,0.175298805,0.03187251,0,0.03187251
30401,1714,2119,0.287047841,0.198366394,0.168028005,0.088681447,0.17386231,0.047841307,0.000583431,0.035589265
30402,1244,1374,0.377813505,0.159967846,0.129421222,0.073954984,0.199356913,0.032154341,0,0.02733119
30403,1511,2094,0.330244871,0.174718729,0.140966248,0.081403044,0.205162144,0.037061549,0.000661813,0.029781602
30404,1406,1904,0.33428165,0.181365576,0.121621622,0.084637269,0.207681366,0.044096728,0,0.026315789
30405,635,1320,0.302362205,0.198425197,0.149606299,0.081889764,0.177952756,0.051968504,0,0.037795276
30406,310,736,0.296774194,0.141935484,0.190322581,0.093548387,0.229032258,0.038709677,0,0.009677419
30407,271,742,0.217712177,0.191881919,0.151291513,0.121771218,0.236162362,0.05904059,0,0.022140221
30408,329,739,0.26443769,0.191489362,0.161094225,0.155015198,0.11550152,0.05775076,0,0.054711246
30409,296,717,0.260135135,0.172297297,0.189189189,0.074324324,0.22972973,0.043918919,0,0.030405405
30501,1181,1824,0.298052498,0.223539373,0.121083827,0.089754445,0.157493649,0.062658764,0.00254022,0.044877223
30502,1707,1778,0.383128295,0.130052724,0.091388401,0.03983597,0.286467487,0.0533099,0,0.015817223
30503,413,857,0.227602906,0.225181598,0.167070218,0.099273608,0.1937046,0.043583535,0.002421308,0.041162228
30504,358,821,0.324022346,0.175977654,0.131284916,0.044692737,0.265363128,0.044692737,0,0.01396648
30505,349,864,0.320916905,0.12034384,0.12034384,0.085959885,0.286532951,0.045845272,0,0.020057307
30506,369,802,0.411924119,0.10298103,0.073170732,0.024390244,0.308943089,0.067750678,0,0.010840108
30507,378,777,0.417989418,0.105820106,0.042328042,0.037037037,0.306878307,0.060846561,0.007936508,0.021164021
30601,1382,1479,0.413892909,0.120115774,0.104196816,0.032561505,0.270622287,0.046309696,0,0.012301013
30602,1517,1702,0.427818062,0.111404087,0.087013843,0.038233355,0.28279499,0.034937376,0,0.017798286
30603,1705,1980,0.357771261,0.148973607,0.112609971,0.059824047,0.256304985,0.035777126,0,0.028739003
30604,1233,1360,0.352798054,0.158961882,0.118410381,0.066504461,0.231143552,0.04136253,0,0.03081914
30605,667,1465,0.4017991,0.095952024,0.148425787,0.03898051,0.27886057,0.028485757,0,0.007496252
30606,647,1376,0.352395672,0.103554869,0.182380216,0.057187017,0.253477589,0.027820711,0,0.023183926
30607,372,1000,0.293010753,0.172043011,0.13172043,0.14516129,0.134408602,0.075268817,0,0.048387097
30608,665,1404,0.321804511,0.186466165,0.132330827,0.064661654,0.216541353,0.04962406,0,0.028571429
30609,301,733,0.272425249,0.172757475,0.149501661,0.132890365,0.146179402,0.066445183,0.003322259,0.056478405
30610,461,901,0.355748373,0.145336226,0.151843818,0.036876356,0.227765727,0.054229935,0.002169197,0.026030369
30701,1495,1595,0.340468227,0.189297659,0.088963211,0.076254181,0.224749164,0.047491639,0.004013378,0.028762542
30702,1263,1405,0.339667458,0.194774347,0.076801267,0.08709422,0.189231987,0.071258907,0.001583531,0.039588282
30703,1560,1871,0.383974359,0.2,0.075641026,0.058333333,0.186538462,0.068589744,0,0.026923077
30704,1601,1946,0.329793879,0.237976265,0.088069956,0.067457839,0.183635228,0.069956277,0.00062461,0.022485946
30705,575,1207,0.292173913,0.196521739,0.142608696,0.07826087,0.189565217,0.057391304,0.003478261,0.04
30706,487,1050,0.334702259,0.205338809,0.104722793,0.061601643,0.211498973,0.05338809,0,0.028747433
30707,313,677,0.325878594,0.178913738,0.108626198,0.10543131,0.169329073,0.089456869,0,0.022364217
30708,358,774,0.293296089,0.234636872,0.094972067,0.108938547,0.170391061,0.058659218,0.002793296,0.036312849
30709,506,1091,0.306324111,0.207509881,0.108695652,0.079051383,0.197628458,0.075098814,0.001976285,0.023715415
30710,485,1124,0.251546392,0.226804124,0.088659794,0.111340206,0.156701031,0.117525773,0.002061856,0.045360825
30711,470,1167,0.257446809,0.24893617,0.10212766,0.114893617,0.134042553,0.112765957,0.010638298,0.019148936
30712,296,656,0.35472973,0.260135135,0.050675676,0.067567568,0.14527027,0.097972973,0.003378378,0.02027027
30713,372,884,0.252688172,0.295698925,0.080645161,0.120967742,0.172043011,0.061827957,0.002688172,0.01344086
30801,1349,1345,0.366938473,0.214232765,0.097850259,0.068939956,0.163083766,0.054855448,0,0.034099333
30802,1580,1539,0.389240506,0.182911392,0.099367089,0.062025316,0.201265823,0.042405063,0.001898734,0.020886076
30803,276,607,0.344202899,0.239130435,0.105072464,0.047101449,0.163043478,0.072463768,0,0.028985507
30804,357,631,0.254901961,0.260504202,0.100840336,0.131652661,0.134453782,0.084033613,0,0.033613445
30805,315,690,0.326984127,0.244444444,0.142857143,0.063492063,0.158730159,0.047619048,0,0.015873016
30806,225,584,0.324444444,0.191111111,0.137777778,0.062222222,0.182222222,0.062222222,0,0.04
30807,531,1133,0.31826742,0.154425612,0.126177024,0.069679849,0.231638418,0.075329567,0.001883239,0.02259887
30808,631,1071,0.416798732,0.156893819,0.147385103,0.049128368,0.171156894,0.042789223,0,0.015847861
30809,447,770,0.371364653,0.14541387,0.118568233,0.058165548,0.237136465,0.051454139,0,0.017897092
30901,2708,3156,0.379615953,0.171713442,0.093057607,0.051698671,0.218980798,0.059084195,0.003692762,0.022156573
30902,1520,1832,0.350657895,0.193421053,0.116447368,0.057894737,0.186184211,0.059868421,0.010526316,0.025
30903,755,1502,0.350993377,0.19602649,0.095364238,0.064900662,0.19205298,0.070198675,0.001324503,0.029139073
30904,574,1208,0.322299652,0.210801394,0.134146341,0.069686411,0.191637631,0.048780488,0.008710801,0.013937282
30905,452,925,0.371681416,0.181415929,0.099557522,0.097345133,0.112831858,0.086283186,0.019911504,0.030973451
30906,405,805,0.397530864,0.222222222,0.098765432,0.044444444,0.162962963,0.044444444,0.002469136,0.027160494
40101,2164,2649,0.208410351,0.194547135,0.219963031,0.165434381,0.120609982,0.034658041,0.005545287,0.050831793
40102,1766,2561,0.204416761,0.222536806,0.186862967,0.164212911,0.133635334,0.036806342,0.004530011,0.046998867
40103,1527,1616,0.201047806,0.19908317,0.2383759,0.166339227,0.110019646,0.029469548,0.001309758,0.054354944
40104,1479,1876,0.201487492,0.204868154,0.202163624,0.162271805,0.127789047,0.041244084,0.006761325,0.053414469
40105,1689,2003,0.176435761,0.195381883,0.240970989,0.20071048,0.086441681,0.030787448,0.002960332,0.066311427
40106,1239,1405,0.185633575,0.184826473,0.223567393,0.220338983,0.089588378,0.030669895,0.007263923,0.05811138
40107,731,1013,0.158686731,0.207934337,0.214774282,0.235294118,0.091655267,0.034199726,0.001367989,0.056087551
40108,2333,2076,0.206600943,0.211315902,0.201457351,0.174453493,0.115302186,0.033004715,0.002571796,0.055293613
40109,579,1023,0.195164076,0.227979275,0.236614853,0.164075993,0.089810017,0.039723661,0.003454231,0.043177893
40110,423,896,0.222222222,0.182033097,0.302600473,0.14893617,0.075650118,0.026004728,0,0.042553191
40111,412,885,0.155339806,0.276699029,0.223300971,0.160194175,0.111650485,0.033980583,0.002427184,0.036407767
40112,369,781,0.135501355,0.197831978,0.219512195,0.257452575,0.067750678,0.048780488,0.005420054,0.067750678
40113,411,802,0.155717762,0.211678832,0.245742092,0.243309002,0.075425791,0.02189781,0,0.04622871
40114,406,725,0.147783251,0.236453202,0.256157635,0.231527094,0.066502463,0.02955665,0,0.032019704
40115,403,773,0.131513648,0.193548387,0.267990074,0.218362283,0.101736973,0.034739454,0.004962779,0.047146402
40116,553,1259,0.132007233,0.236889693,0.231464738,0.238698011,0.065099458,0.036166365,0.007233273,0.05244123
40117,513,1128,0.142300195,0.216374269,0.22417154,0.22417154,0.081871345,0.037037037,0.001949318,0.072124756
40118,570,1335,0.133333333,0.207017544,0.219298246,0.249122807,0.084210526,0.049122807,0.001754386,0.056140351
40119,483,1111,0.120082816,0.227743271,0.18426501,0.244306418,0.076604555,0.064182195,0.008281573,0.074534161
40120,595,1211,0.127731092,0.189915966,0.240336134,0.277310924,0.077310924,0.023529412,0.006722689,0.057142857
40121,514,1133,0.116731518,0.256809339,0.200389105,0.223735409,0.075875486,0.054474708,0.003891051,0.068093385
40122,770,1421,0.124675325,0.163636364,0.275324675,0.261038961,0.080519481,0.048051948,0.001298701,0.045454545
40123,541,1270,0.138632163,0.166358595,0.162661738,0.258780037,0.090573013,0.088724584,0.005545287,0.088724584
40124,601,1381,0.124792013,0.231281198,0.174708819,0.194675541,0.093178037,0.103161398,0.018302829,0.059900166
40201,726,1054,0.219008264,0.258953168,0.141873278,0.14738292,0.115702479,0.039944904,0.009641873,0.067493113
40202,1262,1259,0.262282092,0.209984152,0.179080824,0.129952456,0.130744849,0.037242472,0.000792393,0.049920761
40203,1729,2018,0.207056102,0.205320995,0.191440139,0.167148641,0.1156738,0.051474841,0.002313476,0.059572007
40204,1421,1701,0.201970443,0.230119634,0.194933146,0.163969036,0.096410978,0.055594652,0.004222379,0.052779733
40205,1449,1645,0.23326432,0.235334714,0.197377502,0.138026225,0.109730849,0.035196687,0.004830918,0.046238785
40206,1471,1549,0.272603671,0.223657376,0.1760707,0.120326309,0.125084976,0.044867437,0,0.037389531
40207,488,1097,0.143442623,0.239754098,0.200819672,0.229508197,0.077868852,0.043032787,0.006147541,0.05942623
40208,382,727,0.185863874,0.214659686,0.277486911,0.159685864,0.115183246,0.020942408,0.010471204,0.015706806
40209,377,755,0.151193634,0.172413793,0.294429708,0.206896552,0.084880637,0.031830239,0.00265252,0.055702918
40210,354,655,0.192090395,0.220338983,0.234463277,0.175141243,0.107344633,0.039548023,0,0.031073446
40211,330,669,0.145454545,0.242424242,0.242424242,0.209090909,0.081818182,0.027272727,0,0.051515152
40212,283,595,0.173144876,0.190812721,0.229681979,0.212014134,0.077738516,0.03180212,0,0.084805654
40213,323,696,0.160990712,0.229102167,0.226006192,0.188854489,0.086687307,0.043343653,0.00619195,0.058823529
40214,371,732,0.229110512,0.20754717,0.258760108,0.161725067,0.105121294,0.029649596,0,0.008086253
40215,370,723,0.205405405,0.227027027,0.232432432,0.151351351,0.105405405,0.043243243,0.002702703,0.032432432
40216,462,914,0.175324675,0.296536797,0.125541126,0.17965368,0.075757576,0.114718615,0.002164502,0.03030303
40217,657,1571,0.231354642,0.207001522,0.178082192,0.164383562,0.101978691,0.068493151,0.00761035,0.04109589
40218,351,637,0.230769231,0.236467236,0.131054131,0.162393162,0.085470085,0.105413105,0,0.048433048
40219,351,671,0.273504274,0.162393162,0.205128205,0.131054131,0.108262108,0.076923077,0,0.042735043
40220,642,1406,0.207165109,0.239875389,0.196261682,0.144859813,0.08411215,0.037383178,0.018691589,0.07165109
40301,1293,1865,0.196442382,0.302397525,0.101314772,0.133023975,0.087393658,0.116009281,0.013147718,0.050270688
40302,1368,1781,0.225877193,0.260964912,0.119152047,0.127192982,0.117690058,0.078947368,0.022660819,0.04751462
40303,937,1142,0.235859125,0.294557097,0.094983991,0.119530416,0.09284952,0.097118463,0.007470651,0.057630736
40304,248,708,0.157258065,0.282258065,0.092741935,0.185483871,0.064516129,0.14516129,0.048387097,0.024193548
40305,336,593,0.199404762,0.303571429,0.157738095,0.148809524,0.068452381,0.089285714,0,0.032738095
40306,303,617,0.178217822,0.333333333,0.102310231,0.125412541,0.092409241,0.128712871,0.00660066,0.0330033
40307,518,1135,0.194980695,0.266409266,0.193050193,0.189189189,0.046332046,0.083011583,0,0.027027027
40308,360,679,0.2,0.211111111,0.161111111,0.15,0.119444444,0.086111111,0.011111111,0.061111111
40309,369,753,0.20596206,0.224932249,0.149051491,0.181571816,0.119241192,0.081300813,0.005420054,0.032520325
40310,277,569,0.176895307,0.231046931,0.155234657,0.162454874,0.108303249,0.122743682,0,0.0433213
40311,350,674,0.2,0.262857143,0.171428571,0.162857143,0.082857143,0.06,0.002857143,0.057142857
40312,476,1440,0.144957983,0.262605042,0.088235294,0.214285714,0.090336134,0.138655462,0.008403361,0.052521008
40401,1170,1518,0.311965812,0.276923077,0.101709402,0.067521368,0.11025641,0.096581197,0.002564103,0.032478632
40402,1225,1329,0.293061224,0.291428571,0.103673469,0.068571429,0.124897959,0.084081633,0.003265306,0.031020408
40403,243,530,0.288065844,0.296296296,0.082304527,0.106995885,0.086419753,0.111111111,0,0.028806584
40404,598,1136,0.239130435,0.245819398,0.112040134,0.118729097,0.147157191,0.110367893,0.001672241,0.025083612
40405,473,1192,0.156448203,0.363636364,0.054968288,0.101479915,0.093023256,0.175475687,0.002114165,0.052854123
40406,606,1244,0.247524752,0.229372937,0.138613861,0.097359736,0.127062706,0.089108911,0.02970297,0.041254125
40501,1232,1379,0.343344156,0.227272727,0.102272727,0.071428571,0.141233766,0.071428571,0.002435065,0.040584416
40502,1100,1332,0.274545455,0.3,0.07,0.068181818,0.131818182,0.116363636,0.009090909,0.03
40503,516,1371,0.30620155,0.246124031,0.124031008,0.065891473,0.114341085,0.102713178,0.003875969,0.036821705
40504,418,1118,0.172248804,0.401913876,0.052631579,0.093301435,0.078947368,0.136363636,0.014354067,0.050239234
40505,277,706,0.23465704,0.335740072,0.064981949,0.083032491,0.057761733,0.173285199,0.007220217,0.0433213
40506,223,505,0.183856502,0.358744395,0.062780269,0.094170404,0.094170404,0.139013453,0.013452915,0.053811659
40507,465,1261,0.159139785,0.350537634,0.062365591,0.107526882,0.077419355,0.180645161,0.019354839,0.043010753
40601,1363,1726,0.266324285,0.239178283,0.100513573,0.13352898,0.105649303,0.1027146,0.011738811,0.040352164
40602,1302,1769,0.271889401,0.235791091,0.115975422,0.0906298,0.14516129,0.093701997,0.004608295,0.042242704
40603,754,1738,0.289124668,0.220159151,0.119363395,0.104774536,0.137931034,0.094164456,0.00795756,0.026525199
40604,429,1044,0.188811189,0.277389277,0.130536131,0.116550117,0.086247086,0.121212121,0.020979021,0.058275058
40605,465,1151,0.176344086,0.266666667,0.152688172,0.141935484,0.064516129,0.103225806,0.023655914,0.070967742
50101,1364,1519,0.236070381,0.209677419,0.208944282,0.157624633,0.101906158,0.055718475,0,0.030058651
50102,1186,1357,0.197301855,0.204047218,0.223440135,0.164418212,0.107082631,0.050590219,0,0.05311973
50103,1467,1894,0.203817314,0.252897069,0.206543967,0.149284254,0.090661213,0.041581459,0.003408316,0.051806408
50104,1400,1496,0.210714286,0.207142857,0.233571429,0.158571429,0.097857143,0.034285714,0.001428571,0.056428571
50105,1454,1482,0.201513067,0.244841816,0.221458047,0.152682256,0.105914718,0.03301238,0.001375516,0.039202201
50106,1830,2344,0.183060109,0.227322404,0.25136612,0.150819672,0.11147541,0.031693989,0.003825137,0.040437158
50107,1687,1744,0.210432721,0.225251926,0.238292828,0.153526971,0.091286307,0.039715471,0.005927682,0.035566094
50108,1451,1697,0.22329428,0.196416265,0.226740179,0.16471399,0.11026878,0.039283253,0.00206754,0.037215713
50109,1037,1276,0.206364513,0.229508197,0.184185149,0.162005786,0.104146577,0.058823529,0.00096432,0.054001929
50110,379,752,0.17414248,0.221635884,0.2823219,0.205804749,0.065963061,0.021108179,0,0.029023747
50111,613,1300,0.148450245,0.210440457,0.254486134,0.205546493,0.086460033,0.050570962,0,0.044045677
50112,556,1290,0.190647482,0.262589928,0.214028777,0.167266187,0.079136691,0.053956835,0,0.032374101
50113,384,789,0.169270833,0.1796875,0.278645833,0.25,0.075520833,0.015625,0.002604167,0.028645833
50114,492,1070,0.18699187,0.24796748,0.168699187,0.195121951,0.107723577,0.042682927,0.008130081,0.042682927
50115,511,1043,0.209393346,0.217221135,0.215264188,0.123287671,0.111545988,0.064579256,0.037181996,0.021526419
50116,565,1021,0.169911504,0.244247788,0.238938053,0.180530973,0.083185841,0.038938053,0.005309735,0.038938053
50117,515,935,0.147572816,0.236893204,0.269902913,0.188349515,0.07961165,0.029126214,0,0.048543689
50118,857,1485,0.147024504,0.219369895,0.266044341,0.166861144,0.124854142,0.042007001,0.001166861,0.032672112
50119,545,1062,0.188990826,0.19266055,0.227522936,0.194495413,0.062385321,0.062385321,0,0.071559633
50120,572,1072,0.167832168,0.22027972,0.218531469,0.208041958,0.111888112,0.054195804,0.005244755,0.013986014
50121,287,555,0.142857143,0.229965157,0.257839721,0.174216028,0.111498258,0.055749129,0,0.027874564
50122,355,653,0.2,0.169014085,0.242253521,0.216901408,0.092957746,0.047887324,0,0.030985915
50123,436,939,0.224770642,0.231651376,0.197247706,0.169724771,0.105504587,0.043577982,0,0.027522936
50124,472,1001,0.201271186,0.228813559,0.220338983,0.150423729,0.112288136,0.036016949,0.002118644,0.048728814
50125,335,659,0.113432836,0.265671642,0.223880597,0.194029851,0.065671642,0.056716418,0.044776119,0.035820896
50126,242,554,0.128099174,0.289256198,0.157024793,0.132231405,0.107438017,0.107438017,0.020661157,0.05785124
50201,1457,1483,0.246396706,0.262868909,0.140013727,0.123541524,0.115305422,0.070006863,0.001372684,0.040494166
50202,308,680,0.220779221,0.314935065,0.11038961,0.126623377,0.100649351,0.071428571,0.019480519,0.035714286
50203,555,1121,0.176576577,0.295495495,0.147747748,0.142342342,0.102702703,0.081081081,0.007207207,0.046846847
50204,616,1437,0.189935065,0.253246753,0.12012987,0.168831169,0.089285714,0.112012987,0.011363636,0.055194805
50301,1149,1295,0.28024369,0.229765013,0.143603133,0.128807659,0.131418625,0.052219321,0.000870322,0.033072237
50302,1307,1296,0.243305279,0.226472839,0.149196634,0.130833971,0.136189748,0.06503443,0.002295333,0.046671767
50303,1402,1588,0.319543509,0.236804565,0.108416548,0.097717546,0.164051355,0.05064194,0,0.022824536
50304,336,703,0.241071429,0.145833333,0.258928571,0.160714286,0.139880952,0.032738095,0.00297619,0.017857143
50305,379,734,0.232189974,0.269129288,0.137203166,0.142480211,0.129287599,0.047493404,0,0.042216359
50306,368,718,0.203804348,0.241847826,0.173913043,0.149456522,0.095108696,0.089673913,0.013586957,0.032608696
50307,339,736,0.197640118,0.259587021,0.10619469,0.174041298,0.103244838,0.09439528,0.01179941,0.053097345
50308,336,625,0.3125,0.160714286,0.18452381,0.142857143,0.148809524,0.038690476,0.00297619,0.008928571
50309,350,1129,0.345714286,0.397142857,0.08,0.04,0.077142857,0.057142857,0,0.002857143
50310,347,825,0.259365994,0.227665706,0.155619597,0.103746398,0.126801153,0.089337176,0,0.037463977
50311,345,959,0.249275362,0.263768116,0.069565217,0.115942029,0.127536232,0.110144928,0.020289855,0.043478261
50401,1440,1519,0.302777778,0.25,0.120833333,0.100694444,0.110416667,0.063888889,0.0125,0.038888889
50402,869,1190,0.258918297,0.288837745,0.108170311,0.101265823,0.107019563,0.067894131,0.010356732,0.057537399
50403,1482,1809,0.28340081,0.255060729,0.10391363,0.092442645,0.147098516,0.080296896,0.001349528,0.036437247
50404,1288,1621,0.321428571,0.236801242,0.10015528,0.086956522,0.145186335,0.057453416,0.007763975,0.044254658
50405,363,963,0.181818182,0.258953168,0.085399449,0.162534435,0.096418733,0.137741047,0.022038567,0.055096419
50406,797,1773,0.139272271,0.309912171,0.111668758,0.153074028,0.08281054,0.115432873,0.017565872,0.070263488
50407,278,628,0.190647482,0.262589928,0.172661871,0.169064748,0.104316547,0.04676259,0.007194245,0.04676259
50408,344,741,0.220930233,0.255813953,0.119186047,0.113372093,0.156976744,0.098837209,0.00872093,0.026162791
50409,314,686,0.219745223,0.289808917,0.143312102,0.117834395,0.117834395,0.070063694,0.015923567,0.025477707
50410,255,611,0.196078431,0.352941176,0.043137255,0.121568627,0.109803922,0.117647059,0.043137255,0.015686275
50411,325,724,0.163076923,0.264615385,0.12,0.138461538,0.123076923,0.104615385,0.024615385,0.061538462
50412,269,571,0.223048327,0.278810409,0.100371747,0.130111524,0.111524164,0.085501859,0.029739777,0.040892193
50413,471,1031,0.231422505,0.280254777,0.1507431,0.097664544,0.110403397,0.082802548,0.014861996,0.031847134
50414,505,1241,0.22970297,0.285148515,0.132673267,0.114851485,0.120792079,0.065346535,0.013861386,0.037623762
50501,1573,2043,0.230133503,0.274634456,0.108073744,0.122695486,0.119516847,0.089001907,0.002542912,0.053401144
50502,1403,1881,0.258018532,0.28510335,0.102637206,0.107626515,0.11404134,0.082679971,0.002851033,0.047042053
50503,1294,1344,0.266615147,0.250386399,0.108191654,0.103554869,0.13755796,0.086553323,0.00309119,0.044049459
50504,324,737,0.228395062,0.305555556,0.080246914,0.145061728,0.083333333,0.111111111,0.00617284,0.040123457
50505,608,1407,0.230263158,0.276315789,0.095394737,0.121710526,0.115131579,0.09375,0.026315789,0.041118421
50506,286,740,0.244755245,0.244755245,0.129370629,0.108391608,0.146853147,0.097902098,0.006993007,0.020979021
50507,351,710,0.267806268,0.259259259,0.105413105,0.108262108,0.142450142,0.082621083,0.002849003,0.031339031
50508,537,1440,0.240223464,0.258845438,0.108007449,0.124767225,0.09310987,0.087523277,0.033519553,0.054003724
50509,550,1319,0.254545455,0.265454545,0.089090909,0.105454545,0.143636364,0.092727273,0.018181818,0.030909091
50601,1298,1383,0.372881356,0.252696456,0.076271186,0.06009245,0.140215716,0.073189522,0.006163328,0.018489985
50602,1279,1517,0.346364347,0.248631744,0.089913995,0.078186083,0.125097733,0.072713057,0.003909304,0.035183737
50603,1397,1437,0.346456693,0.239083751,0.076592699,0.068718683,0.153901217,0.078740157,0.002147459,0.034359341
50604,318,642,0.371069182,0.198113208,0.081761006,0.113207547,0.13836478,0.059748428,0.006289308,0.031446541
50605,264,583,0.291666667,0.253787879,0.113636364,0.098484848,0.147727273,0.064393939,0.007575758,0.022727273
50606,326,630,0.300613497,0.236196319,0.13190184,0.088957055,0.13190184,0.073619632,0.009202454,0.027607362
50607,329,596,0.364741641,0.179331307,0.203647416,0.069908815,0.100303951,0.075987842,0,0.006079027
50608,384,715,0.359375,0.265625,0.1484375,0.072916667,0.09375,0.049479167,0,0.010416667
50609,248,508,0.338709677,0.189516129,0.169354839,0.068548387,0.108870968,0.092741935,0,0.032258065
50610,255,598,0.243137255,0.333333333,0.058823529,0.070588235,0.125490196,0.129411765,0,0.039215686
50611,271,576,0.317343173,0.21402214,0.092250923,0.066420664,0.114391144,0.158671587,0.011070111,0.025830258
50612,275,606,0.28,0.261818182,0.090909091,0.090909091,0.170909091,0.094545455,0,0.010909091
50613,452,1090,0.283185841,0.276548673,0.084070796,0.103982301,0.121681416,0.077433628,0.004424779,0.048672566
50614,489,1101,0.306748466,0.257668712,0.081799591,0.08793456,0.108384458,0.120654397,0.014314928,0.022494888
50701,1454,1856,0.262035763,0.282668501,0.07565337,0.092847318,0.116918845,0.105914718,0.01650619,0.047455296
50702,1546,1936,0.254204398,0.26778784,0.104786546,0.098318241,0.101552393,0.096377749,0.013583441,0.063389392
50703,291,602,0.288659794,0.271477663,0.130584192,0.099656357,0.096219931,0.072164948,0.013745704,0.027491409
50704,281,599,0.206405694,0.217081851,0.160142349,0.15658363,0.09252669,0.099644128,0.014234875,0.053380783
50705,552,1278,0.190217391,0.251811594,0.086956522,0.126811594,0.106884058,0.121376812,0.054347826,0.061594203
50706,453,834,0.209713024,0.253863135,0.145695364,0.134657837,0.097130243,0.052980132,0.072847682,0.033112583
50707,405,759,0.227160494,0.303703704,0.086419753,0.116049383,0.09382716,0.116049383,0.012345679,0.044444444
50708,453,1129,0.214128035,0.344370861,0.092715232,0.123620309,0.057395143,0.094922737,0.015452539,0.057395143
50709,494,1203,0.174089069,0.29757085,0.099190283,0.168016194,0.058704453,0.08097166,0.034412955,0.087044534
60101,1531,1824,0.334421946,0.255388635,0.079033312,0.050293926,0.149575441,0.083605487,0.006531679,0.041149575
60102,382,791,0.340314136,0.219895288,0.060209424,0.062827225,0.146596859,0.128272251,0,0.041884817
60103,382,758,0.308900524,0.243455497,0.047120419,0.060209424,0.130890052,0.12565445,0.018324607,0.065445026
60104,270,597,0.259259259,0.240740741,0.092592593,0.044444444,0.151851852,0.185185185,0.007407407,0.018518519
60105,354,839,0.257062147,0.262711864,0.081920904,0.053672316,0.127118644,0.141242938,0.002824859,0.073446328
60201,920,1165,0.364130435,0.213043478,0.1,0.061956522,0.166304348,0.075,0,0.019565217
60202,364,777,0.324175824,0.214285714,0.10989011,0.087912088,0.181318681,0.068681319,0,0.013736264
60301,1355,1506,0.339483395,0.25904059,0.056826568,0.07601476,0.119557196,0.104059041,0.010332103,0.034686347
60302,336,736,0.261904762,0.255952381,0.080357143,0.113095238,0.139880952,0.116071429,0.008928571,0.023809524
60303,462,1166,0.257575758,0.268398268,0.047619048,0.136363636,0.082251082,0.151515152,0.025974026,0.03030303
60304,385,913,0.225974026,0.251948052,0.046753247,0.116883117,0.098701299,0.2,0.018181818,0.041558442
60305,409,1136,0.207823961,0.310513447,0.034229829,0.112469438,0.051344743,0.17603912,0.058679707,0.048899756
60306,436,973,0.236238532,0.291284404,0.03440367,0.123853211,0.068807339,0.176605505,0.016055046,0.052752294
60401,1202,1398,0.366056572,0.265391015,0.070715474,0.058236273,0.108153078,0.086522463,0.008319468,0.036605657
60402,958,1089,0.350730689,0.278705637,0.06993737,0.060542797,0.129436326,0.074112735,0.003131524,0.033402923
60403,463,1039,0.259179266,0.30237581,0.079913607,0.079913607,0.127429806,0.114470842,0.008639309,0.028077754
60404,409,933,0.251833741,0.283618582,0.080684597,0.100244499,0.085574572,0.151589242,0.012224939,0.034229829
60405,476,1174,0.317226891,0.241596639,0.071428571,0.06302521,0.138655462,0.119747899,0.004201681,0.044117647
60501,949,1540,0.342465753,0.259220232,0.05374078,0.075869336,0.106427819,0.125395153,0.007376185,0.029504742
60502,468,1103,0.239316239,0.284188034,0.05982906,0.083333333,0.094017094,0.170940171,0.025641026,0.042735043
60601,953,1134,0.357817419,0.26023085,0.053515215,0.067156348,0.150052466,0.07660021,0.004197272,0.03043022
60602,705,994,0.361702128,0.279432624,0.039716312,0.029787234,0.167375887,0.089361702,0.00141844,0.031205674
60603,1201,1598,0.340549542,0.247293922,0.055786844,0.064945878,0.150707744,0.095753539,0.004163197,0.040799334
60604,236,633,0.372881356,0.266949153,0.063559322,0.072033898,0.110169492,0.101694915,0,0.012711864
60605,252,588,0.373015873,0.23015873,0.05952381,0.047619048,0.178571429,0.083333333,0,0.027777778
60606,510,1177,0.284313725,0.274509804,0.082352941,0.078431373,0.145098039,0.096078431,0.005882353,0.033333333
60607,295,587,0.281355932,0.254237288,0.081355932,0.105084746,0.138983051,0.108474576,0.010169492,0.020338983
60608,257,578,0.338521401,0.291828794,0.058365759,0.073929961,0.081712062,0.120622568,0,0.035019455
60701,1220,1411,0.356557377,0.222131148,0.07295082,0.050819672,0.166393443,0.096721311,0.004918033,0.029508197
60702,1054,1127,0.397533207,0.217267552,0.072106262,0.048387097,0.161290323,0.085388994,0.003795066,0.014231499
60703,315,615,0.336507937,0.215873016,0.095238095,0.06984127,0.142857143,0.111111111,0,0.028571429
60704,252,540,0.297619048,0.202380952,0.115079365,0.079365079,0.150793651,0.119047619,0.007936508,0.027777778
60705,549,1141,0.353369763,0.27140255,0.071038251,0.058287796,0.116575592,0.076502732,0.012750455,0.04007286
60706,364,785,0.313186813,0.244505495,0.082417582,0.057692308,0.14010989,0.137362637,0,0.024725275
60707,272,601,0.323529412,0.183823529,0.106617647,0.077205882,0.154411765,0.125,0.003676471,0.025735294
60801,1185,1506,0.326582278,0.232911392,0.066666667,0.087763713,0.128270042,0.10464135,0.010126582,0.043037975
60802,565,1308,0.215929204,0.286725664,0.07079646,0.109734513,0.095575221,0.153982301,0.026548673,0.040707965
60803,671,1561,0.23099851,0.23099851,0.073025335,0.146050671,0.087928465,0.169895678,0.02533532,0.035767511
60901,962,1441,0.218295218,0.335758836,0.037422037,0.142411642,0.08004158,0.127858628,0.021829522,0.036382536
60902,370,1242,0.189189189,0.259459459,0.067567568,0.162162162,0.035135135,0.218918919,0.02972973,0.037837838
60903,326,1030,0.273006135,0.245398773,0.04601227,0.113496933,0.061349693,0.226993865,0.012269939,0.021472393
60904,429,1269,0.191142191,0.265734266,0.055944056,0.13986014,0.079254079,0.207459207,0.013986014,0.046620047
60905,478,1339,0.205020921,0.294979079,0.069037657,0.123430962,0.077405858,0.171548117,0.035564854,0.023012552
61001,922,1144,0.21691974,0.279826464,0.079175705,0.110629067,0.091106291,0.154013015,0.015184382,0.053145336
61002,325,789,0.206153846,0.24,0.098461538,0.123076923,0.098461538,0.172307692,0.027692308,0.033846154
61003,492,842,0.274390244,0.241869919,0.067073171,0.093495935,0.103658537,0.146341463,0.038617886,0.034552846
61004,432,1024,0.164351852,0.319444444,0.060185185,0.108796296,0.104166667,0.178240741,0.032407407,0.032407407
61101,1137,1588,0.341248901,0.229551451,0.075637643,0.066842568,0.133685136,0.105540897,0.005277045,0.042216359
61102,733,1575,0.285129604,0.255115962,0.076398363,0.081855389,0.130968622,0.144611187,0.005457026,0.020463847
61201,1597,2125,0.289292423,0.331246086,0.057608015,0.070131497,0.112711334,0.092673763,0.002504696,0.043832185
61202,1331,1574,0.327573253,0.275732532,0.044327573,0.057099925,0.141247183,0.11419985,0,0.039819684
61203,402,981,0.258706468,0.338308458,0.064676617,0.067164179,0.124378109,0.097014925,0,0.049751244
61204,517,1078,0.328820116,0.266924565,0.056092843,0.071566731,0.143133462,0.094777563,0.005802708,0.032882012
61205,442,1005,0.28280543,0.298642534,0.061085973,0.076923077,0.113122172,0.131221719,0,0.036199095
61206,395,863,0.281012658,0.248101266,0.096202532,0.096202532,0.146835443,0.081012658,0.002531646,0.048101266
61207,278,657,0.273381295,0.284172662,0.071942446,0.061151079,0.143884892,0.118705036,0.007194245,0.039568345
70101,1191,1337,0.312342569,0.256087322,0.116708648,0.078925273,0.122586062,0.067170445,0.004198153,0.041981528
70102,1048,1211,0.300572519,0.255725191,0.116412214,0.073473282,0.130725191,0.071564885,0.000954198,0.050572519
70103,1332,1618,0.301051051,0.268768769,0.125375375,0.063063063,0.12987988,0.076576577,0.000750751,0.034534535
70104,353,736,0.212464589,0.283286119,0.127478754,0.138810198,0.101983003,0.082152975,0,0.053824363
70105,242,623,0.23553719,0.247933884,0.099173554,0.140495868,0.107438017,0.111570248,0,0.05785124
70106,302,677,0.32781457,0.254966887,0.122516556,0.105960265,0.099337748,0.07615894,0.003311258,0.009933775
70107,526,1190,0.247148289,0.296577947,0.121673004,0.129277567,0.085551331,0.072243346,0.003802281,0.043726236
70108,265,666,0.249056604,0.290566038,0.090566038,0.116981132,0.086792453,0.132075472,0.00754717,0.026415094
70109,275,731,0.247272727,0.221818182,0.149090909,0.116363636,0.130909091,0.094545455,0,0.04
70110,325,672,0.276923077,0.255384615,0.116923077,0.098461538,0.138461538,0.08,0.003076923,0.030769231
70111,342,682,0.31871345,0.184210526,0.178362573,0.116959064,0.108187135,0.052631579,0.005847953,0.035087719
70201,1571,1518,0.336091661,0.219605347,0.091024825,0.070655633,0.177593889,0.068109484,0,0.03691916
70202,269,565,0.226765799,0.234200743,0.107806691,0.137546468,0.133828996,0.111524164,0,0.048327138
70203,329,758,0.218844985,0.246200608,0.112462006,0.09118541,0.151975684,0.121580547,0,0.05775076
70204,460,879,0.304347826,0.206521739,0.12173913,0.1,0.130434783,0.093478261,0.015217391,0.02826087
70205,508,1275,0.234251969,0.230314961,0.082677165,0.125984252,0.13976378,0.149606299,0,0.037401575
70301,1953,2256,0.286226318,0.247823861,0.088069636,0.086533538,0.144393241,0.104966718,0.002048131,0.039938556
70302,327,695,0.321100917,0.22324159,0.119266055,0.079510703,0.140672783,0.088685015,0,0.027522936
70303,312,645,0.288461538,0.246794872,0.086538462,0.054487179,0.173076923,0.112179487,0,0.038461538
70304,293,624,0.225255973,0.242320819,0.092150171,0.139931741,0.092150171,0.136518771,0.003412969,0.068259386
70305,257,562,0.295719844,0.287937743,0.06614786,0.108949416,0.105058366,0.093385214,0.003891051,0.038910506
70306,672,1528,0.230654762,0.291666667,0.083333333,0.102678571,0.129464286,0.09077381,0.013392857,0.058035714
70401,493,841,0.198782961,0.332657201,0.050709939,0.097363083,0.060851927,0.178498986,0.028397566,0.052738337
70402,208,596,0.206730769,0.288461538,0.048076923,0.182692308,0.081730769,0.134615385,0.024038462,0.033653846
70501,999,1106,0.35035035,0.28028028,0.062062062,0.058058058,0.117117117,0.087087087,0.005005005,0.04004004
70502,1098,1200,0.323315118,0.261384335,0.063752277,0.073770492,0.131147541,0.107468124,0.005464481,0.033697632
70503,294,683,0.30952381,0.258503401,0.06122449,0.074829932,0.129251701,0.108843537,0.003401361,0.054421769
70504,315,681,0.355555556,0.276190476,0.073015873,0.06031746,0.111111111,0.101587302,0.003174603,0.019047619
70505,292,642,0.270547945,0.273972603,0.068493151,0.082191781,0.102739726,0.147260274,0.010273973,0.044520548
70506,423,814,0.338061466,0.234042553,0.052009456,0.073286052,0.151300236,0.115839243,0.007092199,0.028368794
70507,554,1266,0.274368231,0.297833935,0.046931408,0.061371841,0.115523466,0.140794224,0.02166065,0.041516245
70508,355,886,0.21971831,0.256338028,0.084507042,0.123943662,0.104225352,0.18028169,0.016901408,0.014084507
70601,1504,2161,0.271276596,0.277925532,0.06981383,0.10106383,0.10837766,0.120345745,0.008643617,0.042553191
70602,1128,1256,0.348404255,0.257092199,0.078014184,0.07712766,0.117907801,0.088652482,0.004432624,0.028368794
70603,1169,1436,0.30025663,0.25748503,0.066723695,0.100940975,0.120615911,0.097519247,0.011976048,0.044482464
70604,550,1541,0.201818182,0.269090909,0.08,0.16,0.118181818,0.112727273,0.016363636,0.041818182
70605,539,1422,0.283858998,0.257884972,0.063079777,0.128014842,0.072356215,0.14471243,0.012987013,0.037105751
70606,369,1069,0.208672087,0.281842818,0.06504065,0.138211382,0.08401084,0.143631436,0.046070461,0.032520325
70607,383,988,0.250652742,0.289817232,0.088772846,0.088772846,0.091383812,0.120104439,0.023498695,0.046997389
70608,602,1260,0.187707641,0.254152824,0.132890365,0.132890365,0.102990033,0.11461794,0.033222591,0.041528239
70701,1669,1673,0.30077891,0.291791492,0.06111444,0.065907729,0.131216297,0.098861594,0.007189934,0.043139605
70702,1227,1460,0.295843521,0.303178484,0.057864711,0.07008965,0.101874491,0.118174409,0.008149959,0.044824776
70703,552,1322,0.230072464,0.295289855,0.088768116,0.070652174,0.126811594,0.130434783,0.018115942,0.039855072
70704,480,1028,0.254166667,0.28125,0.08125,0.0875,0.11875,0.125,0.00625,0.045833333
70705,292,658,0.246575342,0.267123288,0.044520548,0.054794521,0.119863014,0.22260274,0.003424658,0.04109589
70706,208,673,0.283653846,0.230769231,0.048076923,0.091346154,0.096153846,0.201923077,0.014423077,0.033653846
70707,496,1085,0.266129032,0.258064516,0.060483871,0.076612903,0.116935484,0.177419355,0.004032258,0.040322581
70708,408,1010,0.242647059,0.325980392,0.075980392,0.088235294,0.102941176,0.115196078,0.017156863,0.031862745
70709,442,1224,0.233031674,0.303167421,0.067873303,0.099547511,0.097285068,0.153846154,0.00678733,0.038461538
70801,892,1362,0.31838565,0.270179372,0.060538117,0.069506726,0.132286996,0.099775785,0.00896861,0.040358744
70901,1387,1840,0.302090844,0.235760634,0.057678443,0.084354722,0.139149243,0.13554434,0.002883922,0.042537851
70902,569,1326,0.23198594,0.281195079,0.059753954,0.072056239,0.137082601,0.172231986,0.008787346,0.036906854
70903,552,1158,0.262681159,0.315217391,0.041666667,0.074275362,0.121376812,0.125,0.007246377,0.052536232
71001,1655,1822,0.299697885,0.271903323,0.050755287,0.073111782,0.143202417,0.114199396,0.004229607,0.042900302
71002,316,604,0.325949367,0.291139241,0.07278481,0.060126582,0.113924051,0.091772152,0.003164557,0.041139241
71003,270,654,0.237037037,0.255555556,0.048148148,0.07037037,0.151851852,0.166666667,0.018518519,0.051851852
71004,256,579,0.32421875,0.2421875,0.09375,0.04296875,0.109375,0.12109375,0.00390625,0.0625
71005,347,693,0.351585014,0.276657061,0.066282421,0.080691643,0.09221902,0.100864553,0,0.031700288
71006,447,1025,0.174496644,0.277404922,0.049217002,0.140939597,0.136465324,0.172259508,0.011185682,0.03803132
71007,503,1022,0.286282306,0.246520875,0.057654076,0.065606362,0.149105368,0.153081511,0,0.041749503
71101,1650,1669,0.306060606,0.256363636,0.080606061,0.073939394,0.142424242,0.092727273,0.002424242,0.045454545
71102,332,695,0.240963855,0.25,0.081325301,0.111445783,0.126506024,0.15060241,0.009036145,0.030120482
71103,543,1197,0.270718232,0.211786372,0.092081031,0.066298343,0.14732965,0.139963168,0.023941068,0.047882136
71104,350,754,0.274285714,0.225714286,0.088571429,0.077142857,0.134285714,0.117142857,0.031428571,0.051428571
71105,386,760,0.32642487,0.212435233,0.07253886,0.090673575,0.134715026,0.121761658,0.007772021,0.033678756
71106,247,607,0.311740891,0.246963563,0.064777328,0.056680162,0.133603239,0.153846154,0,0.032388664
71201,915,1110,0.301639344,0.27431694,0.054644809,0.066666667,0.144262295,0.108196721,0.001092896,0.049180328
71202,352,689,0.284090909,0.278409091,0.0625,0.082386364,0.110795455,0.113636364,0,0.068181818
71203,323,669,0.315789474,0.26625387,0.049535604,0.06501548,0.133126935,0.133126935,0,0.037151703
71204,312,584,0.256410256,0.294871795,0.086538462,0.080128205,0.125,0.108974359,0,0.048076923
71301,685,983,0.42189781,0.189781022,0.072992701,0.046715328,0.144525547,0.102189781,0,0.02189781
71401,1417,1695,0.354269584,0.228652082,0.090331687,0.053634439,0.170077629,0.072688779,0,0.030345801
71402,1220,1359,0.376229508,0.213114754,0.072131148,0.059836066,0.162295082,0.087704918,0.001639344,0.02704918
71403,1205,1275,0.323651452,0.275518672,0.092116183,0.060580913,0.124481328,0.086307054,0,0.037344398
71404,358,680,0.324022346,0.265363128,0.103351955,0.06424581,0.11452514,0.089385475,0,0.039106145
71405,252,575,0.325396825,0.242063492,0.071428571,0.075396825,0.158730159,0.071428571,0.003968254,0.051587302
71406,345,683,0.298550725,0.182608696,0.115942029,0.072463768,0.205797101,0.086956522,0.002898551,0.034782609
71407,338,669,0.340236686,0.26035503,0.100591716,0.068047337,0.142011834,0.068047337,0,0.020710059
71408,305,667,0.331147541,0.295081967,0.078688525,0.062295082,0.150819672,0.072131148,0,0.009836066
71409,299,661,0.287625418,0.204013378,0.086956522,0.070234114,0.193979933,0.133779264,0,0.023411371
71410,279,567,0.272401434,0.258064516,0.093189964,0.089605735,0.139784946,0.100358423,0.003584229,0.043010753
71411,438,822,0.310502283,0.246575342,0.118721461,0.084474886,0.116438356,0.091324201,0.002283105,0.029680365
71412,525,1190,0.186666667,0.337142857,0.08,0.095238095,0.08952381,0.148571429,0.019047619,0.043809524
71501,1173,1266,0.352941176,0.248934356,0.065643649,0.05370844,0.156862745,0.085251492,0.000852515,0.035805627
71502,278,614,0.327338129,0.269784173,0.064748201,0.064748201,0.122302158,0.107913669,0,0.043165468
71503,378,760,0.314814815,0.264550265,0.108465608,0.084656085,0.124338624,0.068783069,0.002645503,0.031746032
71504,259,599,0.308880309,0.235521236,0.084942085,0.077220077,0.138996139,0.104247104,0,0.05019305
71601,790,1080,0.330379747,0.258227848,0.069620253,0.083544304,0.102531646,0.12278481,0.006329114,0.026582278
71602,395,1075,0.230379747,0.212658228,0.035443038,0.134177215,0.055696203,0.248101266,0.048101266,0.035443038
71603,444,1113,0.245495495,0.268018018,0.047297297,0.114864865,0.096846847,0.177927928,0.011261261,0.038288288
80101,1169,1565,0.153977759,0.224978614,0.153977759,0.205303678,0.085543199,0.080410607,0.005132592,0.090675791
80102,1946,2419,0.223535457,0.274922919,0.092497431,0.146454265,0.093011305,0.107913669,0.007194245,0.054470709
80103,444,1065,0.191441441,0.304054054,0.083333333,0.119369369,0.09009009,0.150900901,0.015765766,0.045045045
80104,529,1342,0.170132325,0.336483932,0.062381853,0.130434783,0.075614367,0.164461248,0.015122873,0.04536862
80105,431,1193,0.194895592,0.245939675,0.102088167,0.194895592,0.09512761,0.099767981,0.009280742,0.05800464
80106,454,1153,0.189427313,0.306167401,0.077092511,0.125550661,0.116740088,0.121145374,0.026431718,0.037444934
80107,425,1096,0.211764706,0.275294118,0.061176471,0.145882353,0.110588235,0.096470588,0.042352941,0.056470588
80201,1318,1810,0.175265554,0.2784522,0.124430956,0.174506829,0.085735964,0.085735964,0.01138088,0.064491654
80202,1299,1882,0.177059276,0.247113164,0.10469592,0.202463433,0.073903002,0.096997691,0.023864511,0.073903002
80203,1499,2017,0.194796531,0.260173449,0.120080053,0.1754503,0.094062708,0.073382255,0.014676451,0.067378252
80204,614,1514,0.157980456,0.260586319,0.131921824,0.216612378,0.084690554,0.081433225,0.016286645,0.050488599
80205,505,1330,0.140594059,0.24950495,0.16039604,0.235643564,0.061386139,0.053465347,0.015841584,0.083168317
80206,521,1211,0.138195777,0.232245681,0.13243762,0.243761996,0.065259117,0.090211132,0.007677543,0.090211132
80207,463,1130,0.172786177,0.241900648,0.125269978,0.239740821,0.049676026,0.088552916,0.025917927,0.056155508
80208,573,1586,0.134380454,0.268760908,0.143106457,0.197207679,0.07504363,0.094240838,0.02443281,0.062827225
80209,679,1697,0.114874816,0.22533137,0.167893962,0.256259205,0.110456554,0.06921944,0.005891016,0.050073638
80301,1767,2328,0.234295416,0.320882852,0.06508206,0.088285229,0.095642332,0.134691568,0.01754386,0.043576684
80302,347,1068,0.158501441,0.305475504,0.069164265,0.152737752,0.086455331,0.152737752,0.025936599,0.048991354
80303,455,1234,0.182417582,0.30989011,0.079120879,0.142857143,0.094505495,0.096703297,0.030769231,0.063736264
80304,488,1522,0.153688525,0.327868852,0.057377049,0.12295082,0.073770492,0.168032787,0.032786885,0.06352459
80305,339,1236,0.126843658,0.359882006,0.061946903,0.147492625,0.02359882,0.159292035,0.05899705,0.061946903
80401,883,1317,0.191392978,0.302378256,0.070215176,0.130237826,0.098527746,0.1200453,0.014722537,0.072480181
80402,1337,1882,0.218399402,0.284966343,0.086013463,0.135377711,0.094988781,0.112191473,0.015706806,0.052356021
80403,380,1031,0.186842105,0.326315789,0.047368421,0.181578947,0.084210526,0.1,0.036842105,0.036842105
80404,507,1149,0.15581854,0.337278107,0.08086785,0.126232742,0.08678501,0.136094675,0.035502959,0.041420118
80405,465,1173,0.146236559,0.339784946,0.098924731,0.150537634,0.090322581,0.113978495,0,0.060215054
80406,502,1328,0.19123506,0.302788845,0.091633466,0.129482072,0.09561753,0.123505976,0.011952191,0.053784861
80501,2017,2567,0.249876054,0.277640059,0.071888944,0.105106594,0.11502231,0.116509668,0.01536936,0.04858701
80502,307,955,0.280130293,0.312703583,0.035830619,0.156351792,0.06514658,0.110749186,0.009771987,0.029315961
80503,621,1356,0.207729469,0.291465378,0.07568438,0.09178744,0.149758454,0.132045089,0.019323671,0.032206119
80504,285,651,0.319298246,0.214035088,0.094736842,0.094736842,0.112280702,0.094736842,0.024561404,0.045614035
80505,476,1062,0.207983193,0.338235294,0.107142857,0.090336134,0.109243697,0.100840336,0.008403361,0.037815126
80506,293,673,0.218430034,0.225255973,0.051194539,0.116040956,0.126279863,0.167235495,0.058020478,0.037542662
80507,245,669,0.2,0.310204082,0.110204082,0.081632653,0.12244898,0.12244898,0.016326531,0.036734694
80601,1517,1699,0.325642716,0.255108767,0.08437706,0.082399473,0.13909031,0.069215557,0.002636783,0.041529334
80602,1253,1360,0.303272147,0.270550678,0.05905826,0.09896249,0.122905028,0.098164405,0.003192338,0.043894653
80603,397,973,0.274559194,0.234256927,0.098236776,0.103274559,0.118387909,0.133501259,0.012594458,0.025188917
80604,377,779,0.331564987,0.222811671,0.084880637,0.084880637,0.148541114,0.098143236,0,0.029177719
80605,908,2062,0.234581498,0.264317181,0.083700441,0.101321586,0.115638767,0.124449339,0.04845815,0.02753304
80606,337,844,0.255192878,0.305637982,0.091988131,0.086053412,0.086053412,0.127596439,0.023738872,0.023738872
80607,266,717,0.191729323,0.319548872,0.056390977,0.135338346,0.082706767,0.139097744,0.022556391,0.052631579
80701,1152,1391,0.333333333,0.188368056,0.116319444,0.073784722,0.176215278,0.074652778,0,0.037326389
80702,1223,1315,0.336876533,0.225674571,0.100572363,0.070318888,0.169255928,0.066230581,0.000817661,0.030253475
80703,1429,1641,0.352694192,0.212736179,0.10636809,0.060181945,0.165850245,0.067179846,0,0.034989503
80704,500,1238,0.278,0.246,0.11,0.084,0.11,0.12,0.004,0.048
80705,311,671,0.282958199,0.257234727,0.167202572,0.048231511,0.15755627,0.073954984,0.003215434,0.009646302
80706,211,615,0.260663507,0.260663507,0.071090047,0.118483412,0.137440758,0.099526066,0,0.052132701
80707,457,929,0.326039387,0.190371991,0.122538293,0.096280088,0.150984683,0.078774617,0.006564551,0.028446389
80708,304,615,0.381578947,0.226973684,0.111842105,0.059210526,0.141447368,0.065789474,0,0.013157895
80709,280,641,0.228571429,0.257142857,0.1,0.135714286,0.139285714,0.1,0,0.039285714
80710,330,705,0.290909091,0.257575758,0.127272727,0.06969697,0.139393939,0.063636364,0,0.051515152
80801,1244,1401,0.438906752,0.140675241,0.075562701,0.044212219,0.215434084,0.054662379,0,0.030546624
80802,1160,1275,0.378448276,0.219827586,0.075,0.056896552,0.18362069,0.056896552,0.004310345,0.025
80803,1523,1500,0.34471438,0.226526592,0.080105056,0.06106369,0.168089297,0.078135259,0.000656599,0.040709127
80804,373,712,0.305630027,0.211796247,0.085790885,0.064343164,0.230563003,0.077747989,0,0.024128686
80805,531,1089,0.325800377,0.239171375,0.069679849,0.114877589,0.150659134,0.077212806,0,0.02259887
80806,293,794,0.276450512,0.273037543,0.068259386,0.09556314,0.14334471,0.085324232,0.020477816,0.037542662
80807,302,705,0.271523179,0.28807947,0.066225166,0.062913907,0.139072848,0.132450331,0.009933775,0.029801325
80808,286,665,0.325174825,0.227272727,0.122377622,0.108391608,0.101398601,0.094405594,0,0.020979021
80809,235,610,0.306382979,0.259574468,0.080851064,0.080851064,0.136170213,0.123404255,0,0.012765957
80810,496,1124,0.280241935,0.290322581,0.092741935,0.078629032,0.127016129,0.110887097,0.002016129,0.018145161
80811,372,731,0.290322581,0.244623656,0.080645161,0.061827957,0.188172043,0.075268817,0.002688172,0.056451613
80812,368,642,0.328804348,0.214673913,0.092391304,0.051630435,0.190217391,0.089673913,0.005434783,0.027173913
80901,1576,1817,0.330583756,0.265862944,0.050761421,0.067258883,0.128172589,0.112309645,0.005076142,0.039974619
80902,371,987,0.150943396,0.380053908,0.045822102,0.09703504,0.083557951,0.180592992,0.021563342,0.040431267
80903,309,850,0.213592233,0.326860841,0.009708738,0.093851133,0.103559871,0.203883495,0.006472492,0.042071197
80904,271,620,0.247232472,0.276752768,0.066420664,0.110701107,0.114391144,0.121771218,0.011070111,0.051660517
80905,297,612,0.228956229,0.269360269,0.063973064,0.117845118,0.101010101,0.175084175,0.006734007,0.037037037
80906,297,589,0.32996633,0.232323232,0.060606061,0.094276094,0.111111111,0.114478114,0.01010101,0.047138047
80907,109,468,0.440366972,0.220183486,0.04587156,0.036697248,0.100917431,0.110091743,0,0.04587156
90101,1031,1547,0.236663434,0.255092144,0.107662464,0.148399612,0.108632396,0.074684772,0.014548982,0.054316198
90102,1373,1874,0.20611799,0.289876184,0.117989803,0.150764749,0.099053168,0.062636562,0.01383831,0.059723234
90103,1333,1866,0.177044261,0.270817704,0.164291073,0.160540135,0.096774194,0.072768192,0.0060015,0.051762941
90104,1442,2119,0.196255201,0.232316227,0.1629681,0.1740638,0.101248266,0.067267684,0.004160888,0.061719834
90105,1210,1686,0.221487603,0.247933884,0.138842975,0.163636364,0.07107438,0.08677686,0.004132231,0.066115702
90106,1318,1586,0.207132018,0.264795144,0.124430956,0.163884674,0.093323217,0.080424886,0.009104704,0.056904401
90107,1753,1681,0.268682259,0.229321164,0.143753565,0.124928694,0.116942384,0.057615516,0.005704507,0.053051911
90108,386,742,0.124352332,0.220207254,0.178756477,0.225388601,0.093264249,0.062176166,0.023316062,0.07253886
90109,379,786,0.10817942,0.221635884,0.240105541,0.250659631,0.047493404,0.058047493,0.007915567,0.065963061
90110,263,639,0.182509506,0.224334601,0.16730038,0.171102662,0.08365019,0.076045627,0.011406844,0.08365019
90111,347,800,0.195965418,0.265129683,0.132564841,0.178674352,0.043227666,0.074927954,0.008645533,0.100864553
90112,247,677,0.190283401,0.226720648,0.198380567,0.174089069,0.072874494,0.076923077,0.012145749,0.048582996
90113,377,1042,0.137931034,0.25464191,0.140583554,0.204244032,0.090185676,0.090185676,0.018567639,0.063660477
90114,442,1145,0.162895928,0.233031674,0.14479638,0.237556561,0.061085973,0.06561086,0.011312217,0.083710407
90115,394,1019,0.116751269,0.28680203,0.185279188,0.197969543,0.068527919,0.053299492,0.017766497,0.073604061
90116,412,889,0.148058252,0.223300971,0.162621359,0.264563107,0.075242718,0.055825243,0.002427184,0.067961165
90117,750,1733,0.214666667,0.210666667,0.134666667,0.141333333,0.122666667,0.113333333,0.010666667,0.052
90118,605,1435,0.152066116,0.259504132,0.117355372,0.224793388,0.061157025,0.119008264,0.033057851,0.033057851
90119,535,1324,0.13271028,0.242990654,0.110280374,0.280373832,0.057943925,0.059813084,0.014953271,0.100934579
90120,306,1067,0.094771242,0.290849673,0.094771242,0.238562092,0.068627451,0.075163399,0.062091503,0.075163399
90121,376,1092,0.14893617,0.311170213,0.079787234,0.146276596,0.061170213,0.135638298,0.018617021,0.098404255
90122,385,727,0.236363636,0.280519481,0.101298701,0.098701299,0.122077922,0.083116883,0.012987013,0.064935065
90123,279,726,0.247311828,0.297491039,0.103942652,0.121863799,0.0609319,0.103942652,0.014336918,0.050179211
90201,1426,1696,0.208976157,0.335904628,0.085553997,0.106591865,0.086255259,0.111500701,0.012622721,0.05259467
90202,397,948,0.196473552,0.261964736,0.093198992,0.166246851,0.065491184,0.136020151,0.01511335,0.065491184
90203,374,1142,0.160427807,0.331550802,0.07486631,0.147058824,0.096256684,0.122994652,0.013368984,0.053475936
90204,432,1148,0.155092593,0.296296296,0.055555556,0.185185185,0.0625,0.164351852,0.041666667,0.039351852
90301,1286,1822,0.258942457,0.269828927,0.071539658,0.134525661,0.090979782,0.097978227,0.024883359,0.051321928
90302,1218,1278,0.270935961,0.278325123,0.100985222,0.098522167,0.118226601,0.064860427,0.010673235,0.057471264
90303,279,681,0.182795699,0.283154122,0.132616487,0.129032258,0.0609319,0.125448029,0.064516129,0.021505376
90304,413,1101,0.147699758,0.348668281,0.108958838,0.12590799,0.050847458,0.121065375,0.031476998,0.065375303
90305,573,1300,0.162303665,0.268760908,0.12565445,0.183246073,0.078534031,0.09947644,0.02443281,0.057591623
90306,567,1288,0.21340388,0.283950617,0.111111111,0.114638448,0.128747795,0.100529101,0.007054674,0.040564374
90307,330,703,0.227272727,0.278787879,0.090909091,0.13030303,0.093939394,0.121212121,0.024242424,0.033333333
90308,254,568,0.212598425,0.299212598,0.07480315,0.102362205,0.125984252,0.125984252,0.003937008,0.05511811
90401,1219,1286,0.292863002,0.221493027,0.116488925,0.11730927,0.13535685,0.063986874,0.001640689,0.050861362
90402,1413,1730,0.244161359,0.292285916,0.098372258,0.118188252,0.087756546,0.098372258,0.014861996,0.046001415
90403,1407,1738,0.28358209,0.262260128,0.108742004,0.098081023,0.118692253,0.073205402,0.004264392,0.051172708
90404,1375,1889,0.279272727,0.252363636,0.100363636,0.097454545,0.128727273,0.085818182,0.003636364,0.052363636
90405,544,1197,0.200367647,0.316176471,0.09375,0.121323529,0.091911765,0.117647059,0.016544118,0.042279412
90406,444,1218,0.144144144,0.31981982,0.06981982,0.130630631,0.076576577,0.157657658,0.051801802,0.04954955
90407,578,1355,0.197231834,0.26816609,0.129757785,0.129757785,0.098615917,0.10899654,0.005190311,0.062283737
90408,430,1022,0.195348837,0.320930233,0.081395349,0.148837209,0.076744186,0.104651163,0.020930233,0.051162791
90409,472,1143,0.254237288,0.31779661,0.076271186,0.088983051,0.095338983,0.110169492,0.01059322,0.046610169
90410,462,1158,0.181818182,0.331168831,0.095238095,0.127705628,0.064935065,0.116883117,0.021645022,0.060606061
90411,514,1183,0.249027237,0.215953307,0.134241245,0.124513619,0.153696498,0.093385214,0,0.029182879
90412,315,657,0.285714286,0.215873016,0.165079365,0.117460317,0.088888889,0.095238095,0,0.031746032
90413,329,626,0.294832827,0.270516717,0.079027356,0.085106383,0.170212766,0.066869301,0.009118541,0.024316109
90501,1389,1540,0.274298056,0.261339093,0.133189345,0.098632109,0.128149748,0.054715623,0.001439885,0.048236141
90502,1170,1303,0.279487179,0.260683761,0.101709402,0.097435897,0.124786325,0.079487179,0.000854701,0.055555556
90503,1177,1261,0.307561597,0.260832625,0.126593033,0.078164826,0.141036534,0.046728972,0.001699235,0.037383178
90504,1411,1558,0.34939759,0.187810064,0.119064493,0.084337349,0.157335223,0.064493267,0.000708717,0.036853296
90505,1125,1306,0.310222222,0.238222222,0.138666667,0.083555556,0.136,0.053333333,0.000888889,0.039111111
90506,1092,1321,0.308608059,0.269230769,0.119047619,0.072344322,0.129120879,0.06043956,0,0.041208791
90507,354,771,0.214689266,0.307909605,0.104519774,0.141242938,0.129943503,0.064971751,0,0.036723164
90508,333,721,0.213213213,0.249249249,0.141141141,0.132132132,0.102102102,0.117117117,0.003003003,0.042042042
90509,585,1394,0.232478632,0.252991453,0.147008547,0.111111111,0.147008547,0.078632479,0,0.030769231
90510,329,665,0.234042553,0.279635258,0.130699088,0.103343465,0.118541033,0.106382979,0.003039514,0.024316109
90511,347,621,0.250720461,0.262247839,0.144092219,0.074927954,0.167146974,0.057636888,0.005763689,0.037463977
90512,260,583,0.365384615,0.161538462,0.173076923,0.065384615,0.142307692,0.05,0,0.042307692
90513,322,642,0.248447205,0.133540373,0.195652174,0.155279503,0.152173913,0.086956522,0,0.027950311
90514,262,658,0.316793893,0.20610687,0.164122137,0.080152672,0.164122137,0.057251908,0,0.011450382
90515,301,645,0.302325581,0.129568106,0.202657807,0.099667774,0.199335548,0.046511628,0,0.019933555
90516,261,544,0.245210728,0.24137931,0.141762452,0.088122605,0.14559387,0.103448276,0,0.034482759
90517,292,619,0.294520548,0.202054795,0.150684932,0.116438356,0.113013699,0.075342466,0.003424658,0.044520548
90518,334,629,0.260479042,0.19760479,0.182634731,0.098802395,0.128742515,0.074850299,0.008982036,0.047904192
90519,351,703,0.256410256,0.284900285,0.116809117,0.116809117,0.113960114,0.07977208,0,0.031339031
90520,329,645,0.227963526,0.20668693,0.164133739,0.127659574,0.124620061,0.09118541,0.018237082,0.039513678
90521,377,693,0.267904509,0.220159151,0.193633952,0.061007958,0.161803714,0.071618037,0,0.023872679
90522,306,569,0.222222222,0.254901961,0.169934641,0.091503268,0.14379085,0.081699346,0,0.035947712
90523,292,663,0.22260274,0.243150685,0.140410959,0.130136986,0.130136986,0.099315068,0.003424658,0.030821918
90601,1352,1431,0.237426036,0.300295858,0.106508876,0.093934911,0.12352071,0.100591716,0,0.037721893
90602,1331,1419,0.294515402,0.308790383,0.084147258,0.079639369,0.103681443,0.084898573,0.003756574,0.040570999
90603,1484,1721,0.277628032,0.295148248,0.081536388,0.082884097,0.132749326,0.088274933,0.004716981,0.037061995
90604,440,1214,0.265909091,0.35,0.059090909,0.077272727,0.086363636,0.127272727,0,0.034090909
90605,584,1414,0.215753425,0.301369863,0.087328767,0.102739726,0.075342466,0.15239726,0.010273973,0.054794521
90606,365,716,0.238356164,0.293150685,0.076712329,0.109589041,0.147945205,0.093150685,0.008219178,0.032876712
90607,286,665,0.258741259,0.241258741,0.111888112,0.073426573,0.111888112,0.087412587,0.045454545,0.06993007
90608,306,646,0.31372549,0.258169935,0.111111111,0.107843137,0.058823529,0.094771242,0,0.055555556
90609,329,727,0.26443769,0.276595745,0.097264438,0.069908815,0.127659574,0.121580547,0.003039514,0.039513678
90610,433,939,0.272517321,0.249422633,0.120092379,0.094688222,0.122401848,0.085450346,0.023094688,0.032332564
90611,370,844,0.27027027,0.318918919,0.091891892,0.075675676,0.135135135,0.072972973,0.013513514,0.021621622
90612,277,590,0.324909747,0.270758123,0.115523466,0.079422383,0.115523466,0.057761733,0,0.036101083
90613,260,535,0.307692308,0.280769231,0.134615385,0.107692308,0.092307692,0.065384615,0,0.011538462
90701,1470,1819,0.268707483,0.317687075,0.080272109,0.081632653,0.110884354,0.093877551,0.003401361,0.043537415
90702,1605,2237,0.264174455,0.29470405,0.078504673,0.090965732,0.123987539,0.102180685,0.012461059,0.033021807
90703,473,1158,0.253699789,0.274841438,0.101479915,0.078224101,0.088794926,0.139534884,0.006342495,0.057082452
90704,393,729,0.259541985,0.259541985,0.078880407,0.096692112,0.155216285,0.10178117,0,0.048346056
90705,314,703,0.261146497,0.270700637,0.105095541,0.105095541,0.111464968,0.111464968,0,0.035031847
90706,370,698,0.3,0.216216216,0.137837838,0.056756757,0.172972973,0.083783784,0,0.032432432
90707,286,640,0.265734266,0.300699301,0.111888112,0.083916084,0.129370629,0.08041958,0.006993007,0.020979021
90708,313,647,0.255591054,0.265175719,0.121405751,0.089456869,0.159744409,0.076677316,0.012779553,0.019169329
90709,303,716,0.247524752,0.270627063,0.085808581,0.105610561,0.148514851,0.089108911,0.01980198,0.0330033
90801,1118,1414,0.254919499,0.313953488,0.059033989,0.092128801,0.091234347,0.126118068,0.016994633,0.045617174
90802,1110,1578,0.298198198,0.248648649,0.063963964,0.097297297,0.11981982,0.120720721,0.009009009,0.042342342
90803,264,601,0.25,0.25,0.109848485,0.09469697,0.140151515,0.109848485,0.011363636,0.034090909
90804,304,703,0.213815789,0.309210526,0.055921053,0.134868421,0.085526316,0.141447368,0.016447368,0.042763158
90805,479,1112,0.27348643,0.244258873,0.083507307,0.089770355,0.114822547,0.137787056,0.016701461,0.039665971
90806,487,1061,0.273100616,0.250513347,0.094455852,0.104722793,0.112936345,0.110882957,0.012320329,0.041067762
90901,1206,1540,0.286898839,0.269485904,0.064676617,0.078772803,0.151741294,0.092039801,0.007462687,0.048922056
90902,990,1316,0.272727273,0.313131313,0.050505051,0.066666667,0.125252525,0.14040404,0.003030303,0.028282828
90903,434,1029,0.276497696,0.288018433,0.080645161,0.055299539,0.108294931,0.147465438,0,0.043778802
90904,347,730,0.305475504,0.311239193,0.054755043,0.054755043,0.123919308,0.126801153,0,0.023054755
90905,256,625,0.1796875,0.3671875,0.0625,0.06640625,0.08984375,0.17578125,0.01171875,0.046875
90906,293,656,0.255972696,0.296928328,0.105802048,0.075085324,0.09556314,0.139931741,0.010238908,0.020477816
90907,329,709,0.306990881,0.288753799,0.05775076,0.069908815,0.11550152,0.106382979,0.015197568,0.039513678