stimmbezirk,eligible_voters,valid_votes,spd,cdu_csu,gruene,fdp,linke_pds,ad_demokraten,afd,other
10101,2183,1275,0.269803922,0.249411765,0.122352941,0.159215686,0.098039216,0.000784314,0.048627451,0.051764706
10102,1458,1039,0.292589028,0.242540905,0.132820019,0.139557267,0.088546679,0,0.050048123,0.053897979
10103,1648,1273,0.311076198,0.24666143,0.147682639,0.130400628,0.091123331,0.000785546,0.034564022,0.037706206
10104,1713,1082,0.247689464,0.242144177,0.179297597,0.144177449,0.08780037,0,0.040665434,0.058225508
10105,1269,909,0.305830583,0.222222222,0.158415842,0.104510451,0.135313531,0,0.03190319,0.04180418
10106,1233,849,0.256772674,0.228504122,0.170789164,0.150765607,0.102473498,0,0.028268551,0.062426384
10107,2111,1263,0.269992082,0.234362629,0.148060174,0.145684877,0.110055424,0,0.044338876,0.047505938
10108,1721,960,0.290625,0.222916667,0.144791667,0.152083333,0.080208333,0,0.042708333,0.066666667
10109,1491,690,0.242028986,0.172463768,0.166666667,0.160869565,0.130434783,0.001449275,0.04057971,0.085507246
10110,1114,520,0.267307692,0.188461538,0.186538462,0.115384615,0.128846154,0.003846154,0.030769231,0.078846154
10111,1243,551,0.208711434,0.199637024,0.208711434,0.139745917,0.145190563,0,0.029038113,0.068965517
10112,913,351,0.276353276,0.182336182,0.153846154,0.094017094,0.207977208,0.002849003,0.022792023,0.05982906
10113,675,282,0.411347518,0.166666667,0.102836879,0.117021277,0.113475177,0,0.035460993,0.053191489
10114,1049,467,0.26124197,0.220556745,0.186295503,0.132762313,0.117773019,0,0.029978587,0.051391863
10115,763,293,0.303754266,0.174061433,0.133105802,0.156996587,0.14334471,0,0.044368601,0.044368601
10116,908,397,0.267002519,0.216624685,0.171284635,0.118387909,0.141057935,0,0.032745592,0.052896725
10117,821,341,0.31085044,0.249266862,0.117302053,0.158357771,0.076246334,0,0.035190616,0.052785924
10118,857,397,0.289672544,0.219143577,0.158690176,0.125944584,0.113350126,0,0.042821159,0.050377834
10119,877,397,0.279596977,0.221662469,0.141057935,0.156171285,0.108312343,0,0.04534005,0.047858942
10120,1628,610,0.280327869,0.244262295,0.1,0.140983607,0.108196721,0,0.055737705,0.070491803
10201,1595,1259,0.274027006,0.177918983,0.217633042,0.162827641,0.099285147,0,0.030976966,0.037331215
10202,1667,1268,0.267350158,0.183753943,0.199526814,0.159305994,0.130914826,0,0.02444795,0.034700315
10203,1477,1165,0.275536481,0.164806867,0.205150215,0.149356223,0.127038627,0,0.027467811,0.050643777
10204,1443,1159,0.257981018,0.234685073,0.187230371,0.161345988,0.091458154,0,0.030198447,0.037100949
10205,1545,1211,0.295623452,0.201486375,0.17671346,0.125516102,0.117258464,0.000825764,0.031379026,0.051197358
10206,1326,1059,0.278564684,0.203966006,0.185080264,0.143531634,0.123701605,0,0.023607177,0.041548631
10207,1427,1074,0.261638734,0.185288641,0.175046555,0.177839851,0.113594041,0,0.027001862,0.059590317
10208,1255,995,0.249246231,0.178894472,0.205025126,0.151758794,0.125628141,0,0.03718593,0.052261307
10209,1328,901,0.223085461,0.190899001,0.187569367,0.168701443,0.144284129,0,0.025527192,0.059933407
10210,784,397,0.284634761,0.153652393,0.161209068,0.095717884,0.19395466,0,0.025188917,0.085642317
10211,776,372,0.225806452,0.169354839,0.217741935,0.150537634,0.155913978,0,0.02688172,0.053763441
10212,847,454,0.242290749,0.178414097,0.237885463,0.129955947,0.147577093,0,0.015418502,0.04845815
10213,714,339,0.268436578,0.174041298,0.174041298,0.085545723,0.206489676,0.002949853,0.038348083,0.050147493
10214,735,352,0.318181818,0.147727273,0.159090909,0.099431818,0.167613636,0.005681818,0.051136364,0.051136364
10215,641,315,0.276190476,0.174603175,0.222222222,0.123809524,0.152380952,0,0.019047619,0.031746032
10216,727,378,0.261904762,0.206349206,0.187830688,0.12962963,0.14021164,0,0.029100529,0.044973545
10217,997,477,0.301886792,0.203354298,0.180293501,0.165618449,0.083857442,0,0.033542977,0.031446541
10218,814,380,0.252631579,0.242105263,0.213157895,0.123684211,0.092105263,0,0.026315789,0.05
10219,895,396,0.247474747,0.169191919,0.194444444,0.154040404,0.148989899,0,0.025252525,0.060606061
10220,866,444,0.231981982,0.213963964,0.20045045,0.126126126,0.15990991,0,0.022522523,0.045045045
10221,874,408,0.25,0.117647059,0.25245098,0.115196078,0.149509804,0,0.026960784,0.088235294
10222,1438,715,0.232167832,0.184615385,0.179020979,0.165034965,0.131468531,0,0.040559441,0.067132867
10223,953,418,0.296650718,0.181818182,0.184210526,0.100478469,0.136363636,0,0.026315789,0.074162679
10224,829,358,0.229050279,0.162011173,0.17877095,0.125698324,0.184357542,0,0.025139665,0.094972067
10225,983,431,0.241299304,0.167053364,0.194895592,0.171693735,0.141531323,0.002320186,0.027842227,0.053364269
10226,870,478,0.248953975,0.167364017,0.20292887,0.117154812,0.173640167,0,0.020920502,0.069037657
10227,786,432,0.24537037,0.1875,0.226851852,0.141203704,0.12037037,0,0.018518519,0.060185185
10228,658,301,0.222591362,0.169435216,0.19269103,0.099667774,0.176079734,0,0.026578073,0.112956811
10229,897,462,0.292207792,0.181818182,0.16017316,0.142857143,0.12987013,0,0.025974026,0.067099567
10230,881,370,0.22972973,0.154054054,0.189189189,0.178378378,0.159459459,0,0.013513514,0.075675676
10231,894,442,0.257918552,0.199095023,0.169683258,0.208144796,0.097285068,0,0.013574661,0.054298643
10232,859,445,0.238202247,0.17752809,0.164044944,0.2,0.143820225,0.002247191,0.024719101,0.049438202
10233,1027,474,0.261603376,0.185654008,0.202531646,0.11814346,0.14978903,0,0.016877637,0.065400844
10234,1124,541,0.219963031,0.170055453,0.232902033,0.166358595,0.112754159,0,0.038817006,0.059149723
10235,1102,480,0.241666667,0.195833333,0.185416667,0.164583333,0.125,0,0.029166667,0.058333333
10301,2002,1380,0.223188406,0.313043478,0.114492754,0.201449275,0.063768116,0,0.035507246,0.048550725
10302,1461,832,0.216346154,0.304086538,0.131009615,0.180288462,0.070913462,0,0.057692308,0.039663462
10303,1372,888,0.238738739,0.28490991,0.123873874,0.175675676,0.097972973,0,0.032657658,0.046171171
10304,1494,1021,0.247796278,0.249755142,0.14201763,0.148873653,0.113614104,0,0.040156709,0.057786484
10305,1454,1028,0.204280156,0.293774319,0.126459144,0.221789883,0.060311284,0.001945525,0.049610895,0.041828794
10306,708,358,0.240223464,0.203910615,0.175977654,0.125698324,0.120111732,0,0.047486034,0.086592179
10307,597,302,0.294701987,0.271523179,0.135761589,0.125827815,0.089403974,0,0.033112583,0.049668874
10308,828,436,0.247706422,0.183486239,0.213302752,0.133027523,0.130733945,0,0.04587156,0.04587156
10309,787,350,0.257142857,0.351428571,0.154285714,0.091428571,0.088571429,0,0.022857143,0.034285714
10310,1289,505,0.273267327,0.158415842,0.178217822,0.126732673,0.172277228,0,0.035643564,0.055445545
10311,749,328,0.268292683,0.179878049,0.167682927,0.131097561,0.118902439,0.00304878,0.024390244,0.106707317
10312,880,357,0.224089636,0.260504202,0.131652661,0.156862745,0.120448179,0,0.036414566,0.070028011
10313,1461,657,0.232876712,0.351598174,0.114155251,0.146118721,0.068493151,0,0.04261796,0.04414003
10314,1441,599,0.242070117,0.222036728,0.143572621,0.193656093,0.088480801,0.003338898,0.040066778,0.066777963
10401,1330,882,0.239229025,0.221088435,0.171201814,0.189342404,0.102040816,0.001133787,0.030612245,0.045351474
10402,1425,1049,0.246901811,0.196377502,0.19828408,0.177311725,0.105815062,0,0.028598665,0.046711153
10403,1268,894,0.237136465,0.252796421,0.203579418,0.161073826,0.081655481,0,0.023489933,0.040268456
10404,1397,977,0.234390993,0.219037871,0.19037871,0.16888434,0.115660184,0.002047083,0.029682702,0.039918117
10405,1198,741,0.245614035,0.186234818,0.174089069,0.168690958,0.132253711,0.001349528,0.039136302,0.052631579
10406,1163,778,0.271208226,0.199228792,0.195372751,0.145244216,0.124678663,0,0.03470437,0.029562982
10407,1473,998,0.288577154,0.231462926,0.164328657,0.157314629,0.082164329,0.002004008,0.036072144,0.038076152
10408,1360,1013,0.263573544,0.212240869,0.170779862,0.157946693,0.123395854,0,0.02171767,0.050345508
10409,1635,1204,0.241694352,0.254152824,0.174418605,0.179401993,0.080564784,0,0.035714286,0.034053156
10410,721,354,0.220338983,0.214689266,0.18079096,0.183615819,0.115819209,0,0.02259887,0.062146893
10411,1569,698,0.232091691,0.17765043,0.1747851,0.160458453,0.143266476,0,0.054441261,0.05730659
10412,1271,556,0.291366906,0.174460432,0.170863309,0.122302158,0.134892086,0.008992806,0.032374101,0.064748201
10413,1411,669,0.272047833,0.139013453,0.225710015,0.130044843,0.143497758,0,0.023916293,0.065769806
10414,682,305,0.249180328,0.170491803,0.239344262,0.062295082,0.186885246,0,0.036065574,0.055737705
10415,710,359,0.292479109,0.239554318,0.167130919,0.077994429,0.133704735,0.002785515,0.036211699,0.050139276
10416,732,426,0.276995305,0.164319249,0.199530516,0.112676056,0.15258216,0,0.028169014,0.0657277
10417,715,332,0.246987952,0.231927711,0.15060241,0.129518072,0.138554217,0,0.051204819,0.051204819
10418,688,350,0.342857143,0.182857143,0.162857143,0.125714286,0.122857143,0,0.017142857,0.045714286
10419,616,324,0.299382716,0.212962963,0.197530864,0.104938272,0.12037037,0.00308642,0.012345679,0.049382716
10420,750,415,0.286746988,0.161445783,0.265060241,0.108433735,0.122891566,0,0.024096386,0.031325301
10421,636,353,0.260623229,0.181303116,0.21529745,0.124645892,0.138810198,0,0.031161473,0.04815864
10422,1337,722,0.247922438,0.175900277,0.210526316,0.105263158,0.16066482,0.002770083,0.037396122,0.059556787
10423,1191,561,0.258467023,0.258467023,0.171122995,0.140819964,0.092691622,0.001782531,0.037433155,0.039215686
10424,697,348,0.25862069,0.287356322,0.117816092,0.186781609,0.063218391,0,0.043103448,0.043103448
10425,890,497,0.241448692,0.191146881,0.191146881,0.14084507,0.154929577,0,0.028169014,0.052313883
10501,1491,1035,0.263768116,0.231884058,0.191304348,0.133333333,0.085990338,0.000966184,0.043478261,0.049275362
10502,1822,1120,0.261607143,0.275,0.140178571,0.125,0.100892857,0.001785714,0.047321429,0.048214286
10503,1375,998,0.275551102,0.24248497,0.142284569,0.135270541,0.086172345,0,0.038076152,0.080160321
10504,1193,804,0.286069652,0.327114428,0.108208955,0.105721393,0.077114428,0,0.047263682,0.048507463
10505,1384,991,0.297679112,0.271442987,0.13925328,0.106962664,0.097880928,0,0.02320888,0.063572149
10506,695,352,0.278409091,0.201704545,0.170454545,0.119318182,0.088068182,0,0.0625,0.079545455
10507,1291,464,0.318965517,0.176724138,0.168103448,0.092672414,0.112068966,0.002155172,0.068965517,0.060344828
10508,701,365,0.271232877,0.257534247,0.2,0.093150685,0.095890411,0,0.032876712,0.049315068
10509,643,300,0.366666667,0.233333333,0.12,0.08,0.106666667,0,0.043333333,0.05
10510,1119,577,0.273830156,0.223570191,0.162911612,0.10745234,0.131715771,0.001733102,0.055459272,0.043327556
10511,1285,534,0.282771536,0.235955056,0.151685393,0.121722846,0.101123596,0.001872659,0.065543071,0.039325843
10512,647,279,0.329749104,0.247311828,0.103942652,0.132616487,0.086021505,0.007168459,0.043010753,0.050179211
10513,820,338,0.295857988,0.236686391,0.133136095,0.112426036,0.109467456,0,0.053254438,0.059171598
20101,1431,1060,0.259433962,0.231132075,0.129245283,0.174528302,0.108490566,0.004716981,0.033018868,0.059433962
20102,2085,1473,0.22946368,0.294636796,0.11473184,0.202987101,0.075356415,0,0.040733198,0.042090971
20103,864,402,0.26119403,0.201492537,0.171641791,0.149253731,0.124378109,0,0.034825871,0.05721393
20104,881,405,0.296296296,0.22962963,0.140740741,0.148148148,0.086419753,0.002469136,0.034567901,0.061728395
20105,1167,530,0.224528302,0.301886792,0.124528302,0.213207547,0.062264151,0,0.037735849,0.035849057
20106,937,424,0.186320755,0.254716981,0.155660377,0.287735849,0.049528302,0,0.04009434,0.025943396
20107,730,371,0.215633423,0.315363881,0.094339623,0.226415094,0.088948787,0,0.029649596,0.029649596
20108,633,272,0.272058824,0.235294118,0.136029412,0.147058824,0.106617647,0,0.040441176,0.0625
20201,694,312,0.141025641,0.378205128,0.112179487,0.288461538,0.03525641,0,0.032051282,0.012820513
20202,1212,700,0.211428571,0.362857143,0.06,0.208571429,0.051428571,0.004285714,0.067142857,0.034285714
20203,2214,1508,0.111405836,0.399204244,0.063660477,0.344164456,0.026525199,0,0.036472149,0.018567639
20204,1968,841,0.209274673,0.337693222,0.107015458,0.191438763,0.05588585,0,0.061831153,0.03686088
20301,2299,1437,0.290883786,0.225469729,0.132219903,0.116214335,0.090466249,0.001391788,0.06263048,0.08072373
20302,1510,551,0.31215971,0.20508167,0.108892922,0.119782214,0.128856624,0,0.070780399,0.054446461
20303,1442,690,0.291304348,0.228985507,0.149275362,0.147826087,0.102898551,0,0.037681159,0.042028986
20401,1759,1266,0.25671406,0.29778831,0.106635071,0.166666667,0.069510269,0,0.052132701,0.050552923
20402,1073,456,0.269736842,0.271929825,0.100877193,0.146929825,0.074561404,0,0.059210526,0.076754386
20403,919,415,0.330120482,0.245783133,0.081927711,0.113253012,0.103614458,0.007228916,0.077108434,0.040963855
20404,717,312,0.275641026,0.266025641,0.144230769,0.080128205,0.137820513,0,0.064102564,0.032051282
20501,2666,1582,0.31289507,0.269279393,0.097977244,0.156131479,0.061946903,0,0.058154235,0.043615676
20502,1476,971,0.312049434,0.233779609,0.101956746,0.121524202,0.104016478,0,0.052523172,0.07415036
20503,1271,826,0.253026634,0.233656174,0.17433414,0.107748184,0.115012107,0.001210654,0.03874092,0.076271186
20504,1372,980,0.32755102,0.206122449,0.132653061,0.117346939,0.103061224,0.001020408,0.058163265,0.054081633
20505,1182,819,0.316239316,0.251526252,0.141636142,0.084249084,0.084249084,0.001221001,0.070818071,0.05006105
20506,1355,925,0.335135135,0.24972973,0.095135135,0.095135135,0.081081081,0,0.075675676,0.068108108
20507,917,372,0.349462366,0.266129032,0.11827957,0.107526882,0.077956989,0,0.040322581,0.040322581
20508,848,389,0.293059126,0.213367609,0.146529563,0.102827763,0.12596401,0,0.051413882,0.066838046
20509,1543,654,0.305810398,0.183486239,0.165137615,0.123853211,0.136085627,0,0.044342508,0.041284404
20510,1320,572,0.281468531,0.208041958,0.155594406,0.134615385,0.101398601,0,0.062937063,0.055944056
20511,702,303,0.339933993,0.191419142,0.122112211,0.066006601,0.138613861,0.00330033,0.066006601,0.072607261
20512,751,323,0.291021672,0.160990712,0.167182663,0.089783282,0.123839009,0.003095975,0.095975232,0.068111455
20513,763,321,0.370716511,0.205607477,0.090342679,0.093457944,0.080996885,0.003115265,0.062305296,0.093457944
20514,680,315,0.273015873,0.231746032,0.146031746,0.114285714,0.092063492,0,0.073015873,0.06984127
20515,685,291,0.309278351,0.213058419,0.134020619,0.082474227,0.140893471,0,0.058419244,0.06185567
20516,663,284,0.348591549,0.197183099,0.088028169,0.095070423,0.084507042,0,0.116197183,0.070422535
20517,560,270,0.311111111,0.166666667,0.125925926,0.12962963,0.118518519,0.003703704,0.040740741,0.103703704
20518,1386,509,0.306483301,0.237721022,0.100196464,0.106090373,0.111984283,0,0.076620825,0.060903733
20601,1256,828,0.235507246,0.394927536,0.050724638,0.15942029,0.039855072,0,0.064009662,0.055555556
20602,1272,898,0.281737194,0.380846325,0.047884187,0.153674833,0.028953229,0,0.067928731,0.038975501
20603,1234,831,0.220216606,0.397111913,0.055354994,0.180505415,0.036101083,0,0.077015644,0.033694344
20604,674,260,0.223076923,0.346153846,0.038461538,0.192307692,0.053846154,0,0.1,0.046153846
20605,643,283,0.233215548,0.371024735,0.081272085,0.197879859,0.035335689,0,0.067137809,0.014134276
20606,595,346,0.257225434,0.375722543,0.10982659,0.141618497,0.020231214,0,0.063583815,0.031791908
20607,768,371,0.242587601,0.342318059,0.070080863,0.188679245,0.04851752,0,0.061994609,0.045822102
20608,726,373,0.27613941,0.300268097,0.123324397,0.131367292,0.040214477,0,0.085790885,0.042895442
20609,768,328,0.228658537,0.362804878,0.06097561,0.210365854,0.033536585,0,0.082317073,0.021341463
20610,763,327,0.256880734,0.357798165,0.091743119,0.168195719,0.03058104,0.003058104,0.036697248,0.055045872
20701,1279,852,0.063380282,0.468309859,0.034037559,0.355633803,0.011737089,0,0.052816901,0.014084507
20702,642,328,0.045731707,0.570121951,0.030487805,0.298780488,0.009146341,0,0.033536585,0.012195122
20801,1253,921,0.254071661,0.352877307,0.094462541,0.1834962,0.042345277,0,0.043431053,0.029315961
20802,1306,987,0.212765957,0.372847011,0.111448835,0.182370821,0.044579534,0,0.050658561,0.025329281
20803,1773,1111,0.202520252,0.390639064,0.094509451,0.209720972,0.03150315,0,0.052205221,0.01890189
20804,1960,1253,0.233838787,0.361532322,0.078212291,0.200319234,0.055865922,0,0.041500399,0.028731045
20805,2068,1393,0.189519024,0.393395549,0.068916009,0.244795406,0.027279253,0,0.048097631,0.027997128
20806,675,323,0.114551084,0.439628483,0.074303406,0.275541796,0.040247678,0.003095975,0.043343653,0.009287926
20807,703,347,0.146974063,0.435158501,0.100864553,0.219020173,0.028818444,0,0.04610951,0.023054755
20808,769,382,0.230366492,0.371727749,0.117801047,0.128272251,0.068062827,0,0.041884817,0.041884817
20809,857,321,0.205607477,0.308411215,0.087227414,0.224299065,0.046728972,0,0.07165109,0.056074766
20810,998,486,0.234567901,0.306584362,0.113168724,0.24691358,0.04526749,0,0.032921811,0.020576132
20811,849,376,0.271276596,0.263297872,0.087765957,0.210106383,0.050531915,0,0.095744681,0.021276596
20812,739,283,0.183745583,0.385159011,0.077738516,0.25795053,0.021201413,0,0.03180212,0.042402827
20813,770,288,0.142361111,0.40625,0.069444444,0.284722222,0.03125,0,0.041666667,0.024305556
20814,1271,456,0.162280702,0.324561404,0.162280702,0.228070175,0.046052632,0.002192982,0.050438596,0.024122807
20901,1406,992,0.283266129,0.340725806,0.085685484,0.171370968,0.046370968,0,0.053427419,0.019153226
20902,1289,902,0.202882483,0.370288248,0.092017738,0.211751663,0.043237251,0,0.053215078,0.026607539
20903,807,354,0.257062147,0.316384181,0.087570621,0.18079096,0.062146893,0,0.059322034,0.036723164
20904,700,317,0.195583596,0.312302839,0.1829653,0.160883281,0.063091483,0,0.047318612,0.03785489
20905,750,437,0.249427918,0.354691076,0.121281465,0.151029748,0.073226545,0,0.018306636,0.032036613
20906,628,291,0.216494845,0.360824742,0.113402062,0.195876289,0.030927835,0,0.041237113,0.041237113
21001,1360,946,0.264270613,0.332980973,0.086680761,0.187103594,0.044397463,0,0.04756871,0.036997886
21002,1316,874,0.273455378,0.300915332,0.085812357,0.181922197,0.060640732,0,0.049199085,0.04805492
21003,1540,1167,0.209083119,0.348757498,0.119965724,0.220222793,0.039417309,0,0.035132819,0.027420737
21004,1029,505,0.291089109,0.245544554,0.112871287,0.166336634,0.069306931,0.005940594,0.04950495,0.059405941
21005,869,417,0.28057554,0.268585132,0.127098321,0.206235012,0.057553957,0,0.040767386,0.019184652
21006,790,299,0.27090301,0.287625418,0.133779264,0.110367893,0.066889632,0,0.076923077,0.053511706
21007,1012,532,0.184210526,0.336466165,0.163533835,0.182330827,0.056390977,0,0.046992481,0.030075188
21008,675,325,0.261538462,0.298461538,0.126153846,0.178461538,0.033846154,0,0.070769231,0.030769231
21009,1275,622,0.204180064,0.382636656,0.093247588,0.196141479,0.059485531,0.001607717,0.028938907,0.033762058
21101,990,524,0.322519084,0.288167939,0.062977099,0.095419847,0.072519084,0.001908397,0.09351145,0.062977099
21102,793,302,0.298013245,0.367549669,0.049668874,0.109271523,0.036423841,0.003311258,0.082781457,0.052980132
21201,988,594,0.34006734,0.31986532,0.053872054,0.136363636,0.021885522,0,0.079124579,0.048821549
21202,754,321,0.271028037,0.336448598,0.096573209,0.14953271,0.049844237,0,0.056074766,0.040498442
21301,1218,873,0.302405498,0.337915235,0.054982818,0.105383734,0.038946163,0.001145475,0.092783505,0.066437572
21302,589,283,0.371024735,0.265017668,0.038869258,0.113074205,0.056537102,0,0.09540636,0.060070671
21303,1347,521,0.3243762,0.299424184,0.038387716,0.130518234,0.047984645,0.003838772,0.090211132,0.065259117
21304,994,200,0.31,0.22,0.04,0.08,0.05,0.055,0.115,0.13
30101,2237,1446,0.218533887,0.325034578,0.130013831,0.188105118,0.06362379,0,0.041493776,0.033195021
30102,1301,978,0.258691207,0.250511247,0.152351738,0.173824131,0.088957055,0,0.037832311,0.037832311
30103,1613,1195,0.290376569,0.248535565,0.171548117,0.144769874,0.080334728,0,0.025104603,0.039330544
30104,758,432,0.266203704,0.233796296,0.19212963,0.113425926,0.136574074,0,0.030092593,0.027777778
30105,732,390,0.302564103,0.241025641,0.156410256,0.11025641,0.092307692,0,0.035897436,0.061538462
30106,627,343,0.29154519,0.177842566,0.177842566,0.12244898,0.148688047,0,0.055393586,0.026239067
30107,529,318,0.327044025,0.191823899,0.188679245,0.135220126,0.106918239,0,0.028301887,0.022012579
30108,686,353,0.300283286,0.172804533,0.201133144,0.110481586,0.130311615,0,0.028328612,0.056657224
30109,641,368,0.266304348,0.239130435,0.217391304,0.144021739,0.081521739,0,0.008152174,0.043478261
30110,1396,698,0.279369628,0.203438395,0.194842407,0.156160458,0.107449857,0.001432665,0.022922636,0.034383954
30201,1424,1084,0.276752768,0.240774908,0.1900369,0.143911439,0.065498155,0,0.021217712,0.061808118
30202,1453,1096,0.260036496,0.252737226,0.162408759,0.156021898,0.085766423,0,0.041970803,0.041058394
30203,1533,986,0.242393509,0.245436105,0.15821501,0.145030426,0.118661258,0,0.039553753,0.050709939
30204,1671,1106,0.257685353,0.265822785,0.169981917,0.150090416,0.085895118,0,0.039783002,0.03074141
30205,1498,1070,0.261682243,0.246728972,0.170093458,0.153271028,0.088785047,0,0.039252336,0.040186916
30206,1140,758,0.253298153,0.30474934,0.142480211,0.137203166,0.093667546,0,0.026385224,0.042216359
30207,1595,1108,0.27166065,0.250902527,0.168772563,0.145306859,0.099277978,0,0.027075812,0.03700361
30208,1582,1141,0.23225241,0.248028046,0.181419807,0.154250657,0.107800175,0,0.023663453,0.052585451
30209,1277,952,0.260504202,0.201680672,0.211134454,0.137605042,0.098739496,0.00105042,0.023109244,0.066176471
30210,1245,908,0.292951542,0.226872247,0.194933921,0.106828194,0.11123348,0,0.030837004,0.036343612
30211,1379,973,0.244604317,0.285714286,0.156217883,0.156217883,0.073997945,0.001027749,0.038026721,0.044193217
30212,1419,1009,0.218037661,0.318136769,0.136769078,0.174430129,0.080277502,0,0.03468781,0.037661051
30213,773,371,0.269541779,0.226415094,0.172506739,0.153638814,0.091644205,0,0.037735849,0.04851752
30214,739,369,0.249322493,0.230352304,0.170731707,0.149051491,0.113821138,0,0.046070461,0.040650407
30215,688,351,0.185185185,0.327635328,0.182336182,0.153846154,0.088319088,0,0.022792023,0.03988604
30216,612,332,0.228915663,0.289156627,0.180722892,0.15060241,0.075301205,0,0.030120482,0.045180723
30217,734,380,0.321052632,0.228947368,0.144736842,0.110526316,0.105263158,0,0.039473684,0.05
30218,998,519,0.27938343,0.263969171,0.192678227,0.134874759,0.078998073,0,0.013487476,0.036608863
30219,1341,717,0.331938633,0.19665272,0.147838215,0.131101813,0.122733612,0,0.025104603,0.044630404
30220,867,430,0.255813953,0.262790698,0.204651163,0.081395349,0.113953488,0,0.044186047,0.037209302
30221,882,454,0.27753304,0.226872247,0.176211454,0.176211454,0.083700441,0,0.026431718,0.033039648
30222,1201,566,0.296819788,0.190812721,0.19434629,0.136042403,0.109540636,0,0.022968198,0.049469965
30223,1118,558,0.241935484,0.207885305,0.184587814,0.134408602,0.152329749,0,0.032258065,0.046594982
30224,1245,639,0.286384977,0.161189358,0.212832551,0.10485133,0.158059468,0,0.026604069,0.050078247
30225,771,393,0.272264631,0.201017812,0.198473282,0.127226463,0.114503817,0,0.020356234,0.066157761
30226,711,364,0.260989011,0.167582418,0.222527473,0.137362637,0.123626374,0,0.024725275,0.063186813
30227,787,431,0.334106729,0.208816705,0.160092807,0.125290023,0.088167053,0,0.032482599,0.051044084
30228,716,350,0.334285714,0.182857143,0.174285714,0.1,0.122857143,0,0.02,0.065714286
30229,659,313,0.265175719,0.271565495,0.137380192,0.124600639,0.095846645,0.003194888,0.047923323,0.054313099
30230,600,320,0.253125,0.2875,0.134375,0.165625,0.090625,0,0.05,0.01875
30231,506,332,0.304216867,0.268072289,0.144578313,0.102409639,0.102409639,0,0.048192771,0.030120482
30232,597,316,0.262658228,0.256329114,0.174050633,0.129746835,0.094936709,0,0.037974684,0.044303797
30233,1163,572,0.204545455,0.284965035,0.146853147,0.236013986,0.061188811,0,0.047202797,0.019230769
30234,1276,577,0.329289428,0.294627383,0.114384749,0.08492201,0.098786828,0,0.039861352,0.03812825
30301,1975,1288,0.23447205,0.295807453,0.152950311,0.178571429,0.072204969,0,0.029503106,0.036490683
30302,1736,1186,0.240303541,0.298482293,0.120573356,0.18549747,0.081787521,0,0.038785835,0.034569983
30303,1677,1184,0.262668919,0.262668919,0.17652027,0.142736486,0.080236486,0,0.033783784,0.041385135
30304,1297,898,0.227171492,0.28285078,0.153674833,0.199331849,0.082405345,0,0.023385301,0.031180401
30305,1420,1066,0.255159475,0.299249531,0.130393996,0.165103189,0.070356473,0.002814259,0.030018762,0.046904315
30306,1428,1010,0.221782178,0.312871287,0.130693069,0.191089109,0.078217822,0,0.037623762,0.027722772
30307,1417,961,0.176899063,0.363163371,0.10301769,0.234131113,0.048907388,0,0.039542144,0.03433923
30308,1468,1117,0.215756491,0.357206804,0.097582811,0.231871083,0.039391226,0.000895255,0.03312444,0.024171889
30309,1296,860,0.206976744,0.309302326,0.159302326,0.193023256,0.06744186,0,0.030232558,0.03372093
30310,1403,906,0.186534216,0.334437086,0.134657837,0.221854305,0.067328918,0,0.020971302,0.034216336
30311,1820,1361,0.227038942,0.340191036,0.130051433,0.180014695,0.052902278,0,0.027185893,0.042615724
30312,730,299,0.264214047,0.180602007,0.180602007,0.200668896,0.090301003,0,0.026755853,0.056856187
30313,748,306,0.251633987,0.277777778,0.133986928,0.199346405,0.068627451,0,0.032679739,0.035947712
30314,713,342,0.225146199,0.289473684,0.175438596,0.198830409,0.043859649,0,0.023391813,0.043859649
30315,698,314,0.24522293,0.321656051,0.156050955,0.181528662,0.063694268,0,0.01910828,0.012738854
30316,768,390,0.166666667,0.371794872,0.161538462,0.212820513,0.033333333,0,0.033333333,0.020512821
30317,866,463,0.196544276,0.257019438,0.149028078,0.20950324,0.090712743,0,0.045356371,0.051835853
30318,1064,496,0.102822581,0.473790323,0.088709677,0.254032258,0.02016129,0,0.050403226,0.010080645
30319,616,302,0.158940397,0.397350993,0.119205298,0.271523179,0.009933775,0,0.023178808,0.01986755
30320,757,369,0.214092141,0.311653117,0.100271003,0.216802168,0.059620596,0,0.051490515,0.046070461
30321,744,316,0.186708861,0.344936709,0.091772152,0.265822785,0.037974684,0,0.053797468,0.018987342
30322,694,337,0.400593472,0.192878338,0.151335312,0.136498516,0.050445104,0,0.044510386,0.023738872
30323,1485,648,0.266975309,0.277777778,0.137345679,0.163580247,0.074074074,0,0.020061728,0.060185185
30324,1377,656,0.176829268,0.332317073,0.160060976,0.196646341,0.057926829,0,0.047256098,0.028963415
30325,1323,638,0.249216301,0.280564263,0.175548589,0.153605016,0.059561129,0.003134796,0.043887147,0.034482759
30326,1695,783,0.259259259,0.277139208,0.137931034,0.173690932,0.086845466,0,0.017879949,0.047254151
30401,2119,1399,0.284488921,0.268048606,0.137240886,0.152251608,0.075768406,0,0.038598999,0.043602573
30402,1374,1024,0.205078125,0.349609375,0.1171875,0.219726563,0.053710938,0,0.02734375,0.02734375
30403,2094,1294,0.231066461,0.307573416,0.116692427,0.2187017,0.057187017,0,0.031684699,0.037094281
30404,1904,1157,0.219533276,0.332757131,0.111495246,0.21434745,0.04494382,0,0.036300778,0.040622299
30405,1320,624,0.225961538,0.315705128,0.113782051,0.185897436,0.064102564,0,0.036858974,0.057692308
30406,736,307,0.237785016,0.299674267,0.146579805,0.198697068,0.071661238,0.003257329,0.016286645,0.026058632
30407,742,316,0.199367089,0.294303797,0.126582278,0.234177215,0.082278481,0,0.034810127,0.028481013
30408,739,330,0.306060606,0.215151515,0.127272727,0.133333333,0.084848485,0,0.066666667,0.066666667
30409,717,339,0.203539823,0.300884956,0.126843658,0.227138643,0.061946903,0,0.029498525,0.050147493
30501,1824,909,0.273927393,0.256325633,0.105610561,0.189218922,0.056105611,0.00220022,0.051705171,0.064906491
30502,1778,1414,0.169024045,0.384724187,0.07708628,0.281471004,0.025459689,0,0.046676096,0.015558699
30503,857,380,0.239473684,0.257894737,0.110526316,0.218421053,0.092105263,0.007894737,0.034210526,0.039473684
30504,821,340,0.214705882,0.367647059,0.097058824,0.258823529,0.020588235,0,0.023529412,0.017647059
30505,864,349,0.151862464,0.366762178,0.100286533,0.266475645,0.042979943,0,0.022922636,0.048710602
30506,802,404,0.126237624,0.467821782,0.02970297,0.29950495,0.007425743,0,0.064356436,0.004950495
30507,777,385,0.101298701,0.506493506,0.028571429,0.27012987,0.023376623,0,0.051948052,0.018181818
30601,1479,1140,0.161403509,0.43245614,0.074561404,0.25,0.022807018,0,0.031578947,0.027192982
30602,1702,1211,0.143682907,0.423616846,0.0776218,0.262592898,0.02807597,0,0.039636664,0.024772915
30603,1980,1414,0.202263083,0.369165488,0.091230552,0.23903819,0.043140028,0.000707214,0.028995757,0.025459689
30604,1360,979,0.229826353,0.351378958,0.074565884,0.24412666,0.032686415,0,0.026557712,0.040858018
30605,1465,711,0.109704641,0.452883263,0.087201125,0.303797468,0.019690577,0,0.015471167,0.011251758
30606,1376,675,0.148148148,0.361481481,0.122962963,0.296296296,0.032592593,0,0.017777778,0.020740741
30607,1000,348,0.287356322,0.264367816,0.114942529,0.16091954,0.063218391,0,0.068965517,0.040229885
30608,1404,663,0.202111614,0.378582202,0.102564103,0.208144796,0.036199095,0,0.042232278,0.030165913
30609,733,269,0.219330855,0.278810409,0.100371747,0.144981413,0.144981413,0.003717472,0.055762082,0.05204461
30610,901,412,0.189320388,0.376213592,0.09223301,0.235436893,0.031553398,0.002427184,0.048543689,0.024271845
30701,1595,1201,0.243963364,0.335553705,0.081598668,0.195670275,0.04746045,0.000832639,0.053288926,0.041631973
30702,1405,1012,0.26284585,0.29743083,0.081027668,0.194664032,0.046442688,0,0.066205534,0.051383399
30703,1871,1251,0.235811351,0.386091127,0.045563549,0.199840128,0.036770584,0,0.051159073,0.044764189
30704,1946,1291,0.258714175,0.335398916,0.075910147,0.189000775,0.049573974,0,0.06041828,0.030983734
30705,1207,539,0.226345083,0.33580705,0.118738404,0.200371058,0.033395176,0,0.046382189,0.038961039
30706,1050,465,0.255913978,0.331182796,0.111827957,0.165591398,0.049462366,0,0.043010753,0.043010753
30707,677,306,0.222222222,0.326797386,0.091503268,0.202614379,0.058823529,0,0.071895425,0.026143791
30708,774,327,0.262996942,0.354740061,0.06116208,0.143730887,0.070336391,0.003058104,0.058103976,0.04587156
30709,1091,480,0.229166667,0.297916667,0.09375,0.229166667,0.047916667,0.004166667,0.064583333,0.033333333
30710,1124,448,0.310267857,0.254464286,0.069196429,0.158482143,0.078125,0,0.080357143,0.049107143
30711,1167,392,0.308673469,0.272959184,0.091836735,0.112244898,0.081632653,0.00255102,0.089285714,0.040816327
30712,656,301,0.282392027,0.332225914,0.093023256,0.136212625,0.046511628,0,0.083056478,0.026578073
30713,884,294,0.360544218,0.261904762,0.074829932,0.129251701,0.088435374,0,0.034013605,0.051020408
30801,1345,1049,0.285033365,0.341277407,0.078169685,0.183031459,0.045757865,0,0.041944709,0.02478551
30802,1539,1246,0.223113965,0.379614767,0.077046549,0.21187801,0.035313002,0,0.039325843,0.033707865
30803,607,297,0.282828283,0.326599327,0.084175084,0.185185185,0.04040404,0,0.053872054,0.026936027
30804,631,320,0.29375,0.25,0.075,0.159375,0.065625,0,0.08125,0.075
30805,690,339,0.235988201,0.398230088,0.097345133,0.174041298,0.050147493,0,0.020648968,0.02359882
30806,584,247,0.194331984,0.400809717,0.105263158,0.141700405,0.032388664,0,0.056680162,0.068825911
30807,1133,530,0.186792453,0.366037736,0.08490566,0.247169811,0.037735849,0.001886792,0.050943396,0.024528302
30808,1071,638,0.213166144,0.418495298,0.109717868,0.192789969,0.017241379,0,0.021943574,0.026645768
30809,770,440,0.206818182,0.384090909,0.077272727,0.225,0.036363636,0,0.038636364,0.031818182
30901,3156,2235,0.207158837,0.3901566,0.072930649,0.212975391,0.034451902,0.000447427,0.053691275,0.028187919
30902,1832,1243,0.233306516,0.383748994,0.079646018,0.193081255,0.038616251,0.006436042,0.034593725,0.030571199
30903,1502,740,0.243243243,0.401351351,0.07972973,0.156756757,0.047297297,0.001351351,0.043243243,0.027027027
30904,1208,601,0.232945092,0.342762063,0.09484193,0.214642263,0.046589018,0.001663894,0.034941764,0.031613977
30905,925,391,0.199488491,0.3657289,0.086956522,0.176470588,0.074168798,0.002557545,0.074168798,0.020460358
30906,805,375,0.293333333,0.376,0.053333333,0.170666667,0.034666667,0,0.042666667,0.029333333
40101,2649,1629,0.268876611,0.198281154,0.182934316,0.120319214,0.119705341,0.001227747,0.031307551,0.077348066
40102,2561,1484,0.283018868,0.190026954,0.169137466,0.123315364,0.121293801,0.002021563,0.033692722,0.077493261
40103,1616,1165,0.278969957,0.184549356,0.206866953,0.09527897,0.144206009,0.000858369,0.030042918,0.059227468
40104,1876,1227,0.26405868,0.193154034,0.203748981,0.117359413,0.118174409,0,0.039119804,0.064384678
40105,2003,1335,0.278651685,0.158801498,0.202247191,0.088389513,0.158801498,0,0.035205993,0.077902622
40106,1405,993,0.249748238,0.178247734,0.198388721,0.080563948,0.18529708,0.005035247,0.027190332,0.075528701
40107,1013,640,0.2984375,0.1515625,0.203125,0.0765625,0.1640625,0,0.0359375,0.0703125
40108,2076,1661,0.272125226,0.190848886,0.189644792,0.119807345,0.117399157,0.000602047,0.038531005,0.071041541
40109,1023,556,0.29676259,0.197841727,0.194244604,0.111510791,0.120503597,0,0.03057554,0.048561151
40110,896,433,0.27482679,0.182448037,0.226327945,0.101616628,0.140877598,0,0.025404157,0.048498845
40111,885,396,0.305555556,0.171717172,0.194444444,0.095959596,0.146464646,0.002525253,0.025252525,0.058080808
40112,781,352,0.284090909,0.153409091,0.221590909,0.079545455,0.170454545,0.002840909,0.036931818,0.051136364
40113,802,434,0.292626728,0.140552995,0.223502304,0.115207373,0.165898618,0.002304147,0.01843318,0.041474654
40114,725,401,0.311720698,0.139650873,0.221945137,0.074812968,0.154613466,0,0.032418953,0.064837905
40115,773,385,0.280519481,0.124675325,0.225974026,0.090909091,0.18961039,0.002597403,0.031168831,0.054545455
40116,1259,586,0.278156997,0.129692833,0.228668942,0.075085324,0.203071672,0.003412969,0.020477816,0.061433447
40117,1128,524,0.269083969,0.154580153,0.208015267,0.083969466,0.190839695,0.001908397,0.02480916,0.066793893
40118,1335,578,0.273356401,0.119377163,0.190311419,0.076124567,0.212802768,0,0.031141869,0.096885813
40119,1111,487,0.27926078,0.09650924,0.207392197,0.106776181,0.203285421,0,0.034907598,0.071868583
40120,1211,608,0.268092105,0.121710526,0.208881579,0.065789474,0.210526316,0,0.026315789,0.098684211
40121,1133,532,0.246240602,0.110902256,0.206766917,0.110902256,0.167293233,0,0.031954887,0.12593985
40122,1421,745,0.251006711,0.115436242,0.22147651,0.077852349,0.236241611,0,0.034899329,0.063087248
40123,1270,472,0.275423729,0.137711864,0.201271186,0.072033898,0.184322034,0,0.044491525,0.084745763
40124,1381,567,0.292768959,0.104056437,0.176366843,0.102292769,0.164021164,0.005291005,0.070546737,0.084656085
40201,1054,593,0.296795953,0.192242833,0.10623946,0.136593592,0.146711636,0.001686341,0.038785835,0.080944351
40202,1259,955,0.285863874,0.214659686,0.179057592,0.122513089,0.106806283,0,0.034554974,0.056544503
40203,2018,1371,0.289569657,0.196207148,0.171407732,0.119620715,0.114514953,0,0.047410649,0.061269147
40204,1701,1095,0.287671233,0.168949772,0.191780822,0.106849315,0.132420091,0.005479452,0.042922374,0.063926941
40205,1645,1209,0.287014061,0.223325062,0.190239868,0.11745244,0.095947064,0,0.028949545,0.05707196
40206,1549,1201,0.282264779,0.264779351,0.138218152,0.119900083,0.108243131,0.000832639,0.040799334,0.044962531
40207,1097,492,0.286585366,0.12398374,0.180894309,0.071138211,0.211382114,0,0.042682927,0.083333333
40208,727,384,0.28125,0.1953125,0.221354167,0.135416667,0.114583333,0,0.013020833,0.0390625
40209,755,386,0.256476684,0.170984456,0.24611399,0.103626943,0.129533679,0,0.023316062,0.069948187
40210,655,363,0.280991736,0.209366391,0.190082645,0.1184573,0.112947658,0,0.03030303,0.05785124
40211,669,339,0.368731563,0.15339233,0.191740413,0.088495575,0.12979351,0,0.029498525,0.038348083
40212,595,268,0.309701493,0.190298507,0.175373134,0.104477612,0.123134328,0,0.026119403,0.070895522
40213,696,349,0.280802292,0.17765043,0.260744986,0.083094556,0.134670487,0,0.028653295,0.034383954
40214,732,381,0.223097113,0.262467192,0.215223097,0.141732283,0.089238845,0,0.034120735,0.034120735
40215,723,369,0.281842818,0.224932249,0.176151762,0.149051491,0.100271003,0,0.032520325,0.035230352
40216,914,444,0.346846847,0.177927928,0.103603604,0.085585586,0.137387387,0,0.085585586,0.063063063
40217,1571,652,0.283742331,0.211656442,0.173312883,0.133435583,0.099693252,0,0.049079755,0.049079755
40218,637,331,0.314199396,0.241691843,0.129909366,0.084592145,0.093655589,0,0.072507553,0.063444109
40219,671,365,0.22739726,0.298630137,0.131506849,0.136986301,0.109589041,0,0.052054795,0.043835616
40220,1406,639,0.339593114,0.219092332,0.136150235,0.089201878,0.093896714,0.007824726,0.064162754,0.050078247
40301,1865,910,0.330769231,0.198901099,0.097802198,0.082417582,0.097802198,0.003296703,0.106593407,0.082417582
40302,1781,979,0.322778345,0.218590398,0.116445352,0.121552605,0.102145046,0.005107252,0.073544433,0.039836568
40303,1142,719,0.337969402,0.198887344,0.108484006,0.101529903,0.083449235,0.002781641,0.0945758,0.07232267
40304,708,225,0.311111111,0.12,0.12,0.075555556,0.151111111,0,0.093333333,0.128888889
40305,593,316,0.367088608,0.199367089,0.136075949,0.094936709,0.120253165,0,0.03164557,0.050632911
40306,617,273,0.36996337,0.179487179,0.091575092,0.106227106,0.062271062,0.003663004,0.146520147,0.04029304
40307,1135,514,0.352140078,0.177042802,0.124513619,0.070038911,0.151750973,0,0.073929961,0.050583658
40308,679,337,0.228486647,0.272997033,0.133531157,0.127596439,0.106824926,0.005934718,0.06231454,0.06231454
40309,753,385,0.306493506,0.179220779,0.124675325,0.119480519,0.116883117,0,0.072727273,0.080519481
40310,569,261,0.291187739,0.157088123,0.153256705,0.130268199,0.111111111,0,0.103448276,0.053639847
40311,674,345,0.284057971,0.205797101,0.168115942,0.101449275,0.153623188,0,0.034782609,0.052173913
40312,1440,368,0.298913043,0.116847826,0.097826087,0.122282609,0.168478261,0,0.114130435,0.081521739
40401,1518,957,0.312434692,0.307210031,0.07523511,0.132706374,0.05015674,0,0.07523511,0.047021944
40402,1329,979,0.337078652,0.269662921,0.086823289,0.112359551,0.046986721,0,0.083758938,0.063329928
40403,530,242,0.367768595,0.26446281,0.082644628,0.103305785,0.053719008,0,0.103305785,0.024793388
40404,1136,554,0.28700361,0.249097473,0.113718412,0.131768953,0.077617329,0,0.09566787,0.045126354
40405,1192,363,0.330578512,0.201101928,0.066115702,0.074380165,0.077134986,0,0.162534435,0.08815427
40406,1244,573,0.279232112,0.282722513,0.127399651,0.137870855,0.055846422,0.006980803,0.052356021,0.057591623
40501,1379,949,0.296101159,0.329820864,0.077976818,0.132771338,0.04109589,0.003161222,0.061116965,0.057955743
40502,1332,893,0.360582307,0.257558791,0.062709966,0.116461366,0.033594625,0.006718925,0.116461366,0.045912654
40503,1371,505,0.257425743,0.332673267,0.085148515,0.136633663,0.073267327,0,0.065346535,0.04950495
40504,1118,346,0.48265896,0.176300578,0.034682081,0.086705202,0.052023121,0,0.124277457,0.043352601
40505,706,224,0.379464286,0.241071429,0.044642857,0.071428571,0.053571429,0,0.151785714,0.058035714
40506,505,194,0.396907216,0.170103093,0.056701031,0.067010309,0.103092784,0.005154639,0.108247423,0.092783505
40507,1261,391,0.375959079,0.138107417,0.058823529,0.10230179,0.094629156,0.007672634,0.158567775,0.063938619
40601,1726,1025,0.309268293,0.267317073,0.084878049,0.090731707,0.097560976,0.005853659,0.082926829,0.061463415
40602,1769,1031,0.269641125,0.261881668,0.09699321,0.140640155,0.090203686,0.002909796,0.093113482,0.044616877
40603,1738,681,0.233480176,0.28928047,0.107195301,0.155653451,0.070484581,0,0.083700441,0.06020558
40604,1044,375,0.341333333,0.168,0.106666667,0.104,0.109333333,0.005333333,0.106666667,0.058666667
40605,1151,383,0.334203655,0.151436031,0.117493473,0.080939948,0.140992167,0.026109661,0.070496084,0.078328982
50101,1519,1009,0.297324083,0.196233895,0.21308226,0.092170466,0.116947473,0,0.040634291,0.043607532
50102,1357,945,0.268783069,0.185185185,0.213756614,0.097354497,0.133333333,0.005291005,0.037037037,0.059259259
50103,1894,1236,0.327669903,0.163430421,0.193365696,0.106796117,0.112459547,0.002427184,0.031553398,0.062297735
50104,1496,1115,0.273542601,0.168609865,0.214349776,0.106726457,0.15426009,0,0.029596413,0.052914798
50105,1482,1133,0.302736099,0.19505737,0.189761695,0.112091792,0.131509267,0,0.027360989,0.041482789
50106,2344,1569,0.29318037,0.19056724,0.216061185,0.107711918,0.114722753,0.001274697,0.031230083,0.045251753
50107,1744,1252,0.308306709,0.201277955,0.206070288,0.089456869,0.103833866,0.005591054,0.037539936,0.047923323
50108,1697,1169,0.290846878,0.179640719,0.198460222,0.106928999,0.130881095,0.000855432,0.032506416,0.05988024
50109,1276,874,0.297482838,0.180778032,0.186498856,0.100686499,0.11784897,0,0.04576659,0.070938215
50110,752,370,0.291891892,0.178378378,0.216216216,0.089189189,0.145945946,0,0.021621622,0.056756757
50111,1300,614,0.267100977,0.159609121,0.247557003,0.092833876,0.138436482,0,0.034201954,0.060260586
50112,1290,546,0.333333333,0.141025641,0.223443223,0.095238095,0.128205128,0.001831502,0.027472527,0.049450549
50113,789,381,0.280839895,0.167979003,0.249343832,0.083989501,0.173228346,0,0.01312336,0.031496063
50114,1070,501,0.265469062,0.179640719,0.159680639,0.105788423,0.167664671,0.01996008,0.03992016,0.061876248
50115,1043,492,0.339430894,0.207317073,0.154471545,0.113821138,0.083333333,0.006097561,0.042682927,0.052845528
50116,1021,544,0.272058824,0.158088235,0.246323529,0.091911765,0.128676471,0,0.034926471,0.068014706
50117,935,492,0.209349593,0.148373984,0.296747967,0.101626016,0.142276423,0,0.018292683,0.083333333
50118,1485,773,0.30530401,0.15912031,0.216041397,0.128072445,0.137128072,0,0.023285899,0.031047865
50119,1062,514,0.274319066,0.1692607,0.206225681,0.089494163,0.151750973,0,0.03307393,0.075875486
50120,1072,564,0.292553191,0.154255319,0.195035461,0.115248227,0.14893617,0,0.046099291,0.04787234
50121,555,289,0.346020761,0.162629758,0.21799308,0.079584775,0.117647059,0,0.041522491,0.034602076
50122,653,366,0.325136612,0.177595628,0.191256831,0.098360656,0.131147541,0,0.030054645,0.046448087
50123,939,476,0.304621849,0.237394958,0.155462185,0.119747899,0.12605042,0,0.021008403,0.035714286
50124,1001,460,0.310869565,0.191304348,0.169565217,0.108695652,0.108695652,0.002173913,0.043478261,0.065217391
50125,659,276,0.351449275,0.123188406,0.163043478,0.072463768,0.15942029,0.010869565,0.065217391,0.054347826
50126,554,227,0.295154185,0.193832599,0.13215859,0.092511013,0.13215859,0,0.101321586,0.052863436
50201,1483,1154,0.351819757,0.224436742,0.127383016,0.098786828,0.092720971,0.000866551,0.058058925,0.04592721
50202,680,280,0.292857143,0.275,0.092857143,0.103571429,0.082142857,0.007142857,0.085714286,0.060714286
50203,1121,499,0.314629259,0.190380762,0.142284569,0.092184369,0.122244489,0.002004008,0.074148297,0.062124248
50204,1437,585,0.311111111,0.182905983,0.116239316,0.094017094,0.128205128,0.001709402,0.08034188,0.085470085
50301,1295,906,0.293598234,0.246136865,0.12803532,0.153421634,0.075055188,0.002207506,0.054083885,0.047461369
50302,1296,949,0.298208641,0.230769231,0.152792413,0.127502634,0.085353003,0,0.048472076,0.056902002
50303,1588,1201,0.279766861,0.293089092,0.103247294,0.184013322,0.0632806,0.004163197,0.044129892,0.028309742
50304,703,335,0.223880597,0.244776119,0.149253731,0.158208955,0.137313433,0,0.032835821,0.053731343
50305,734,407,0.319410319,0.27027027,0.108108108,0.142506143,0.073710074,0,0.054054054,0.031941032
50306,718,351,0.347578348,0.182336182,0.133903134,0.091168091,0.094017094,0.005698006,0.068376068,0.076923077
50307,736,290,0.327586207,0.213793103,0.093103448,0.082758621,0.137931034,0,0.079310345,0.065517241
50308,625,355,0.307042254,0.267605634,0.109859155,0.166197183,0.118309859,0,0.011267606,0.01971831
50309,1129,296,0.429054054,0.310810811,0.037162162,0.111486486,0.050675676,0,0.050675676,0.010135135
50310,825,299,0.264214047,0.284280936,0.120401338,0.163879599,0.053511706,0,0.066889632,0.046822742
50311,959,288,0.357638889,0.246527778,0.069444444,0.104166667,0.09375,0.010416667,0.079861111,0.038194444
50401,1519,1066,0.287992495,0.303939962,0.097560976,0.112570356,0.070356473,0.000938086,0.073170732,0.053470919
50402,1190,732,0.326502732,0.244535519,0.113387978,0.088797814,0.080601093,0.00273224,0.066939891,0.076502732
50403,1809,1226,0.336867863,0.262642741,0.091353997,0.117455139,0.064437194,0,0.077487765,0.049755302
50404,1621,1083,0.300092336,0.329639889,0.090489381,0.132040628,0.057248384,0.004616805,0.041551247,0.04432133
50405,963,269,0.312267658,0.19330855,0.089219331,0.063197026,0.137546468,0,0.107806691,0.096654275
50406,1773,661,0.340393343,0.15128593,0.122541604,0.096822995,0.098335855,0.007564297,0.098335855,0.084720121
50407,628,270,0.281481481,0.225925926,0.137037037,0.140740741,0.111111111,0.007407407,0.033333333,0.062962963
50408,741,301,0.289036545,0.272425249,0.066445183,0.159468439,0.083056478,0.003322259,0.079734219,0.046511628
50409,686,272,0.349264706,0.198529412,0.117647059,0.117647059,0.095588235,0.007352941,0.091911765,0.022058824
50410,611,208,0.456730769,0.158653846,0.052884615,0.110576923,0.086538462,0.004807692,0.081730769,0.048076923
50411,724,272,0.297794118,0.176470588,0.117647059,0.136029412,0.117647059,0.007352941,0.069852941,0.077205882
50412,571,225,0.266666667,0.28,0.102222222,0.124444444,0.084444444,0.013333333,0.088888889,0.04
50413,1031,441,0.342403628,0.244897959,0.102040816,0.117913832,0.074829932,0.006802721,0.063492063,0.047619048
50414,1241,474,0.301687764,0.276371308,0.11814346,0.116033755,0.067510549,0.004219409,0.040084388,0.075949367
50501,2043,1248,0.317307692,0.225160256,0.103365385,0.100961538,0.102564103,0.003205128,0.087339744,0.060096154
50502,1881,1117,0.312444047,0.273948075,0.089525515,0.114592659,0.078782453,0.004476276,0.076991943,0.049239033
50503,1344,996,0.292168675,0.286144578,0.107429719,0.129518072,0.075301205,0,0.063253012,0.046184739
50504,737,327,0.29969419,0.220183486,0.107033639,0.100917431,0.110091743,0,0.100917431,0.06116208
50505,1407,530,0.298113208,0.267924528,0.09245283,0.096226415,0.098113208,0.005660377,0.08490566,0.056603774
50506,740,285,0.266666667,0.270175439,0.112280702,0.126315789,0.094736842,0.003508772,0.066666667,0.059649123
50507,710,291,0.254295533,0.278350515,0.079037801,0.16838488,0.068728522,0,0.082474227,0.068728522
50508,1440,486,0.333333333,0.234567901,0.100823045,0.090534979,0.074074074,0.016460905,0.090534979,0.059670782
50509,1319,498,0.285140562,0.289156627,0.09437751,0.120481928,0.070281124,0.006024096,0.076305221,0.058232932
50601,1383,985,0.316751269,0.332994924,0.055837563,0.146192893,0.043654822,0.002030457,0.060913706,0.041624365
50602,1517,1016,0.302165354,0.343503937,0.080708661,0.118110236,0.040354331,0,0.065944882,0.049212598
50603,1437,1079,0.277108434,0.34939759,0.078776645,0.141797961,0.048192771,0,0.066728452,0.037998146
50604,642,329,0.215805471,0.370820669,0.079027356,0.17325228,0.045592705,0,0.063829787,0.051671733
50605,583,240,0.316666667,0.320833333,0.083333333,0.1375,0.05,0,0.054166667,0.0375
50606,630,324,0.336419753,0.317901235,0.089506173,0.145061728,0.040123457,0.00308642,0.043209877,0.024691358
50607,596,341,0.246334311,0.398826979,0.126099707,0.11143695,0.029325513,0,0.052785924,0.035190616
50608,715,385,0.348051948,0.335064935,0.101298701,0.072727273,0.054545455,0,0.057142857,0.031168831
50609,508,265,0.271698113,0.366037736,0.124528302,0.124528302,0.037735849,0,0.052830189,0.022641509
50610,598,206,0.354368932,0.27184466,0.072815534,0.082524272,0.053398058,0.004854369,0.116504854,0.04368932
50611,576,244,0.360655738,0.233606557,0.077868852,0.135245902,0.040983607,0,0.102459016,0.049180328
50612,606,260,0.292307692,0.338461538,0.038461538,0.142307692,0.076923077,0,0.076923077,0.034615385
50613,1090,465,0.251612903,0.341935484,0.068817204,0.146236559,0.066666667,0,0.068817204,0.055913978
50614,1101,432,0.333333333,0.300925926,0.0625,0.099537037,0.064814815,0.011574074,0.081018519,0.046296296
50701,1856,1105,0.324886878,0.249773756,0.066968326,0.114932127,0.066063348,0.007239819,0.09321267,0.076923077
50702,1936,1131,0.351900973,0.264367816,0.092838196,0.087533156,0.062776304,0.004420866,0.082228117,0.053934571
50703,602,280,0.296428571,0.253571429,0.132142857,0.107142857,0.057142857,0,0.060714286,0.092857143
50704,599,255,0.254901961,0.196078431,0.22745098,0.105882353,0.109803922,0,0.058823529,0.047058824
50705,1278,425,0.305882353,0.197647059,0.103529412,0.131764706,0.084705882,0.007058824,0.089411765,0.08
50706,834,404,0.321782178,0.165841584,0.123762376,0.096534653,0.128712871,0.042079208,0.054455446,0.066831683
50707,759,314,0.337579618,0.203821656,0.095541401,0.121019108,0.079617834,0.003184713,0.101910828,0.057324841
50708,1129,359,0.334261838,0.203342618,0.111420613,0.075208914,0.094707521,0.005571031,0.116991643,0.058495822
50709,1203,438,0.326484018,0.189497717,0.111872146,0.063926941,0.134703196,0.01826484,0.050228311,0.105022831
60101,1824,1202,0.264559068,0.37936772,0.055740433,0.118968386,0.046589018,0.001663894,0.08985025,0.043261231
60102,791,379,0.253298153,0.37994723,0.071240106,0.147757256,0.029023747,0.002638522,0.07651715,0.039577836
60103,758,340,0.255882353,0.367647059,0.047058824,0.111764706,0.05,0.005882353,0.097058824,0.064705882
60104,597,225,0.306666667,0.306666667,0.071111111,0.088888889,0.035555556,0,0.142222222,0.048888889
60105,839,299,0.344481605,0.311036789,0.036789298,0.066889632,0.066889632,0,0.100334448,0.073578595
60201,1165,757,0.248348745,0.367239102,0.088507266,0.157199472,0.038309115,0,0.066050198,0.034346103
60202,777,400,0.2525,0.3375,0.095,0.1775,0.0375,0,0.055,0.045
60301,1506,1077,0.273909006,0.372330548,0.054781801,0.104921077,0.04363974,0.007428041,0.094707521,0.048282266
60302,736,295,0.301694915,0.305084746,0.081355932,0.145762712,0.071186441,0,0.047457627,0.047457627
60303,1166,376,0.324468085,0.265957447,0.045212766,0.093085106,0.074468085,0.005319149,0.135638298,0.055851064
60304,913,278,0.345323741,0.255395683,0.04676259,0.050359712,0.082733813,0.007194245,0.172661871,0.039568345
60305,1136,286,0.269230769,0.265734266,0.048951049,0.076923077,0.104895105,0.013986014,0.143356643,0.076923077
60306,973,320,0.303125,0.271875,0.05,0.071875,0.1,0.00625,0.115625,0.08125
60401,1398,919,0.319912949,0.367791077,0.068552775,0.109902067,0.029379761,0.003264418,0.070729053,0.0304679
60402,1089,766,0.373368146,0.32767624,0.054830287,0.092689295,0.037859008,0.002610966,0.078328982,0.032637076
60403,1039,463,0.330453564,0.259179266,0.073434125,0.140388769,0.041036717,0,0.103671706,0.051835853
60404,933,352,0.292613636,0.3125,0.076704545,0.068181818,0.048295455,0.002840909,0.133522727,0.065340909
60405,1174,445,0.319101124,0.33258427,0.058426966,0.119101124,0.04494382,0.002247191,0.078651685,0.04494382
60501,1540,764,0.318062827,0.337696335,0.040575916,0.094240838,0.056282723,0,0.111256545,0.041884817
60502,1103,375,0.304,0.293333333,0.042666667,0.117333333,0.037333333,0.013333333,0.117333333,0.074666667
60601,1134,744,0.306451613,0.330645161,0.032258065,0.134408602,0.056451613,0,0.095430108,0.044354839
60602,994,608,0.302631579,0.388157895,0.042763158,0.129934211,0.029605263,0,0.088815789,0.018092105
60603,1598,956,0.29916318,0.341004184,0.055439331,0.141213389,0.044979079,0.0041841,0.083682008,0.030334728
60604,633,245,0.297959184,0.416326531,0.053061224,0.106122449,0.048979592,0,0.048979592,0.028571429
60605,588,255,0.28627451,0.419607843,0.047058824,0.149019608,0.039215686,0,0.043137255,0.015686275
60606,1177,532,0.30075188,0.319548872,0.062030075,0.165413534,0.05075188,0,0.067669173,0.033834586
60607,587,295,0.315254237,0.291525424,0.071186441,0.145762712,0.040677966,0,0.105084746,0.030508475
60608,578,250,0.268,0.348,0.036,0.172,0.056,0,0.088,0.032
60701,1411,1008,0.265873016,0.339285714,0.08234127,0.168650794,0.035714286,0.001984127,0.079365079,0.026785714
60702,1127,849,0.262661955,0.373380448,0.060070671,0.155477032,0.036513545,0.002355713,0.071849234,0.037691402
60703,615,310,0.251612903,0.396774194,0.061290323,0.129032258,0.048387097,0.003225806,0.083870968,0.025806452
60704,540,245,0.265306122,0.334693878,0.081632653,0.126530612,0.040816327,0,0.114285714,0.036734694
60705,1141,549,0.304189435,0.353369763,0.054644809,0.158469945,0.043715847,0.001821494,0.049180328,0.034608379
60706,785,360,0.277777778,0.280555556,0.063888889,0.155555556,0.044444444,0.002777778,0.136111111,0.038888889
60707,601,227,0.233480176,0.422907489,0.074889868,0.145374449,0.035242291,0,0.057268722,0.030837004
60801,1506,956,0.291841004,0.324267782,0.060669456,0.115062762,0.059623431,0.00209205,0.10041841,0.046025105
60802,1308,449,0.325167038,0.222717149,0.057906459,0.091314031,0.102449889,0.006681514,0.138084633,0.055679287
60803,1561,595,0.253781513,0.268907563,0.077310924,0.095798319,0.112605042,0.006722689,0.137815126,0.047058824
60901,1441,695,0.362589928,0.228776978,0.047482014,0.105035971,0.102158273,0.001438849,0.109352518,0.043165468
60902,1242,256,0.34375,0.1875,0.078125,0.03515625,0.13671875,0.0078125,0.14453125,0.06640625
60903,1030,249,0.305220884,0.301204819,0.032128514,0.044176707,0.080321285,0.008032129,0.168674699,0.060240964
60904,1269,297,0.306397306,0.205387205,0.03030303,0.080808081,0.168350168,0.003367003,0.141414141,0.063973064
60905,1339,310,0.296774194,0.161290323,0.074193548,0.067741935,0.161290323,0.012903226,0.164516129,0.061290323
61001,1144,680,0.333823529,0.194117647,0.092647059,0.102941176,0.102941176,0.001470588,0.129411765,0.042647059
61002,789,245,0.363265306,0.183673469,0.053061224,0.106122449,0.130612245,0.004081633,0.093877551,0.065306122
61003,842,399,0.320802005,0.243107769,0.087719298,0.095238095,0.050125313,0.005012531,0.112781955,0.085213033
61004,1024,326,0.32208589,0.190184049,0.024539877,0.144171779,0.088957055,0.012269939,0.128834356,0.088957055
61101,1588,822,0.267639903,0.335766423,0.052311436,0.131386861,0.051094891,0.001216545,0.109489051,0.051094891
61102,1575,621,0.272141707,0.288244767,0.072463768,0.157809984,0.043478261,0.004830918,0.114331723,0.046698873
61201,2125,1272,0.377358491,0.277515723,0.059748428,0.124213836,0.032232704,0.003144654,0.08490566,0.040880503
61202,1574,1015,0.342857143,0.315270936,0.046305419,0.133990148,0.028571429,0,0.085714286,0.04729064
61203,981,344,0.334302326,0.261627907,0.075581395,0.13372093,0.040697674,0,0.078488372,0.075581395
61204,1078,439,0.28929385,0.359908884,0.066059226,0.107061503,0.043280182,0,0.093394077,0.041002278
61205,1005,430,0.330232558,0.31627907,0.051162791,0.079069767,0.060465116,0,0.097674419,0.065116279
61206,863,369,0.27100271,0.300813008,0.059620596,0.176151762,0.051490515,0,0.081300813,0.059620596
61207,657,253,0.351778656,0.292490119,0.031620553,0.114624506,0.043478261,0.003952569,0.083003953,0.079051383
70101,1337,966,0.31884058,0.306418219,0.090062112,0.123188406,0.073498965,0,0.044513458,0.043478261
70102,1211,878,0.299544419,0.317767654,0.107061503,0.104783599,0.048974943,0.001138952,0.053530752,0.067198178
70103,1618,1064,0.304511278,0.29981203,0.121240602,0.123120301,0.04887218,0,0.060150376,0.042293233
70104,736,329,0.279635258,0.258358663,0.103343465,0.112462006,0.097264438,0.006079027,0.075987842,0.066869301
70105,623,218,0.330275229,0.233944954,0.082568807,0.105504587,0.077981651,0,0.110091743,0.059633028
70106,677,295,0.254237288,0.355932203,0.118644068,0.118644068,0.06440678,0,0.06440678,0.023728814
70107,1190,461,0.329718004,0.242950108,0.10845987,0.082429501,0.080260304,0,0.071583514,0.084598698
70108,666,220,0.254545455,0.340909091,0.072727273,0.090909091,0.104545455,0,0.090909091,0.045454545
70109,731,271,0.298892989,0.269372694,0.110701107,0.121771218,0.073800738,0,0.051660517,0.073800738
70110,672,307,0.25732899,0.283387622,0.16286645,0.123778502,0.052117264,0,0.055374593,0.06514658
70111,682,353,0.209631728,0.359773371,0.135977337,0.135977337,0.073654391,0,0.036827195,0.04815864
70201,1518,1207,0.286661143,0.30074565,0.091135046,0.168185584,0.049710025,0.0008285,0.063794532,0.038939519
70202,565,241,0.307053942,0.307053942,0.045643154,0.157676349,0.074688797,0,0.082987552,0.024896266
70203,758,300,0.253333333,0.283333333,0.1,0.133333333,0.076666667,0,0.09,0.063333333
70204,879,444,0.254504505,0.290540541,0.114864865,0.146396396,0.076576577,0.013513514,0.065315315,0.038288288
70205,1275,484,0.283057851,0.303719008,0.068181818,0.107438017,0.064049587,0,0.107438017,0.066115702
70301,2256,1500,0.307333333,0.288,0.074666667,0.129333333,0.052666667,0.000666667,0.101333333,0.046
70302,695,337,0.28189911,0.326409496,0.077151335,0.148367953,0.053412463,0.005934718,0.065281899,0.041543027
70303,645,309,0.258899676,0.317152104,0.048543689,0.194174757,0.061488673,0,0.090614887,0.029126214
70304,624,250,0.292,0.304,0.068,0.064,0.084,0,0.084,0.104
70305,562,239,0.343096234,0.372384937,0.066945607,0.066945607,0.050209205,0,0.075313808,0.025104603
70306,1528,565,0.299115044,0.254867257,0.076106195,0.132743363,0.077876106,0.007079646,0.076106195,0.076106195
70401,841,395,0.35443038,0.182278481,0.060759494,0.070886076,0.083544304,0.015189873,0.15443038,0.078481013
70402,596,175,0.354285714,0.234285714,0.04,0.057142857,0.108571429,0.005714286,0.091428571,0.108571429
70501,1106,746,0.355227882,0.304289544,0.060321716,0.107238606,0.032171582,0,0.09383378,0.04691689
70502,1200,797,0.328732748,0.292346299,0.060225847,0.130489335,0.04140527,0.001254705,0.096612296,0.048933501
70503,683,270,0.32962963,0.244444444,0.088888889,0.162962963,0.044444444,0,0.074074074,0.055555556
70504,681,302,0.264900662,0.370860927,0.039735099,0.155629139,0.01986755,0,0.086092715,0.062913907
70505,642,268,0.276119403,0.332089552,0.078358209,0.141791045,0.029850746,0.003731343,0.104477612,0.03358209
70506,814,425,0.225882353,0.390588235,0.058823529,0.148235294,0.051764706,0.009411765,0.08,0.035294118
70507,1266,465,0.369892473,0.223655914,0.077419355,0.083870968,0.040860215,0.006451613,0.146236559,0.051612903
70508,886,299,0.260869565,0.254180602,0.060200669,0.10367893,0.053511706,0.006688963,0.160535117,0.100334448
70601,2161,1158,0.327288428,0.2582038,0.081174439,0.100172712,0.082901554,0.008635579,0.099309154,0.042314335
70602,1256,884,0.286199095,0.340497738,0.078054299,0.126696833,0.061085973,0.001131222,0.070135747,0.036199095
70603,1436,903,0.311184939,0.323366556,0.066445183,0.080841639,0.068660022,0.003322259,0.085271318,0.060908084
70604,1541,480,0.316666667,0.235416667,0.066666667,0.120833333,0.1125,0.0125,0.077083333,0.058333333
70605,1422,493,0.310344828,0.261663286,0.050709939,0.099391481,0.089249493,0.016227181,0.099391481,0.073022312
70606,1069,310,0.287096774,0.24516129,0.061290323,0.067741935,0.077419355,0.058064516,0.14516129,0.058064516
70607,988,356,0.289325843,0.252808989,0.070224719,0.120786517,0.075842697,0.014044944,0.103932584,0.073033708
70608,1260,510,0.339215686,0.225490196,0.090196078,0.090196078,0.076470588,0.003921569,0.088235294,0.08627451
70701,1673,1267,0.351223362,0.281767956,0.051302289,0.127071823,0.048934491,0.003157064,0.082872928,0.053670087
70702,1460,938,0.388059701,0.257995736,0.046908316,0.095948827,0.041577825,0.002132196,0.115138593,0.052238806
70703,1322,444,0.342342342,0.22972973,0.054054054,0.130630631,0.063063063,0.013513514,0.108108108,0.058558559
70704,1028,449,0.325167038,0.262806236,0.051224944,0.102449889,0.084632517,0.006681514,0.126948775,0.040089087
70705,658,248,0.342741935,0.298387097,0.048387097,0.108870968,0.048387097,0.004032258,0.10483871,0.044354839
70706,673,165,0.345454545,0.23030303,0.048484848,0.127272727,0.066666667,0,0.139393939,0.042424242
70707,1085,423,0.328605201,0.276595745,0.047281324,0.106382979,0.030732861,0,0.151300236,0.059101655
70708,1010,375,0.349333333,0.296,0.069333333,0.117333333,0.058666667,0.002666667,0.069333333,0.037333333
70709,1224,372,0.314516129,0.266129032,0.061827957,0.110215054,0.072580645,0.002688172,0.120967742,0.051075269
70801,1362,721,0.32038835,0.338418863,0.051317614,0.123439667,0.048543689,0.002773925,0.07628294,0.038834951
70901,1840,1031,0.31813773,0.295829292,0.063045587,0.120271581,0.053346266,0.000969932,0.111542192,0.03685742
70902,1326,509,0.300589391,0.241650295,0.084479371,0.135559921,0.04518664,0.001964637,0.137524558,0.053045187
70903,1158,463,0.313174946,0.274298056,0.056155508,0.11663067,0.066954644,0.006479482,0.112311015,0.05399568
71001,1822,1238,0.323909532,0.288368336,0.054927302,0.131663974,0.045234249,0.001615509,0.091276252,0.063004847
71002,604,296,0.314189189,0.310810811,0.074324324,0.131756757,0.043918919,0,0.074324324,0.050675676
71003,654,256,0.296875,0.265625,0.0234375,0.16015625,0.0625,0.00390625,0.12890625,0.05859375
71004,579,235,0.280851064,0.327659574,0.05106383,0.110638298,0.029787234,0,0.127659574,0.072340426
71005,693,340,0.3,0.338235294,0.064705882,0.111764706,0.029411765,0,0.105882353,0.05
71006,1025,382,0.379581152,0.204188482,0.04973822,0.109947644,0.07591623,0.005235602,0.120418848,0.054973822
71007,1022,449,0.28285078,0.340757238,0.04454343,0.13363029,0.051224944,0,0.097995546,0.048997773
71101,1669,1226,0.294453507,0.32137031,0.060358891,0.126427406,0.050570962,0.000815661,0.088907015,0.057096248
71102,695,302,0.321192053,0.251655629,0.046357616,0.09602649,0.07615894,0.003311258,0.139072848,0.066225166
71103,1197,509,0.284872299,0.302554028,0.070726916,0.104125737,0.041257367,0.001964637,0.127701375,0.066797642
71104,754,338,0.295857988,0.301775148,0.059171598,0.136094675,0.047337278,0.00591716,0.097633136,0.056213018
71105,760,352,0.267045455,0.377840909,0.056818182,0.116477273,0.042613636,0,0.096590909,0.042613636
71106,607,242,0.314049587,0.285123967,0.061983471,0.123966942,0.049586777,0.004132231,0.107438017,0.053719008
71201,1110,726,0.312672176,0.283746556,0.052341598,0.132231405,0.056473829,0,0.110192837,0.052341598
71202,689,306,0.352941176,0.307189542,0.039215686,0.114379085,0.052287582,0,0.08496732,0.049019608
71203,669,308,0.295454545,0.305194805,0.058441558,0.149350649,0.038961039,0,0.107142857,0.045454545
71204,584,260,0.361538462,0.257692308,0.05,0.138461538,0.057692308,0,0.1,0.034615385
71301,983,631,0.23296355,0.442155309,0.053882726,0.11251981,0.038034865,0,0.093502377,0.026941363
71401,1695,1200,0.301666667,0.333333333,0.071666667,0.1575,0.0425,0.000833333,0.056666667,0.035833333
71402,1359,978,0.264826176,0.372188139,0.072597137,0.151329243,0.035787321,0,0.067484663,0.035787321
71403,1275,963,0.288681205,0.325025961,0.082035306,0.140186916,0.047767394,0.001038422,0.082035306,0.033229491
71404,680,335,0.274626866,0.391044776,0.050746269,0.131343284,0.029850746,0,0.092537313,0.029850746
71405,575,247,0.275303644,0.376518219,0.044534413,0.16194332,0.036437247,0,0.060728745,0.044534413
71406,683,327,0.25382263,0.342507645,0.073394495,0.162079511,0.042813456,0,0.070336391,0.055045872
71407,669,328,0.274390244,0.390243902,0.076219512,0.12804878,0.039634146,0.006097561,0.057926829,0.027439024
71408,667,308,0.25974026,0.36038961,0.042207792,0.207792208,0.025974026,0,0.058441558,0.045454545
71409,661,287,0.240418118,0.362369338,0.073170732,0.153310105,0.045296167,0,0.087108014,0.038327526
71410,567,254,0.330708661,0.334645669,0.066929134,0.125984252,0.047244094,0,0.05511811,0.039370079
71411,822,426,0.300469484,0.345070423,0.077464789,0.126760563,0.042253521,0,0.077464789,0.030516432
71412,1190,447,0.382550336,0.217002237,0.053691275,0.102908277,0.080536913,0.015659955,0.105145414,0.042505593
71501,1266,920,0.269565217,0.35326087,0.070652174,0.139130435,0.041304348,0,0.088043478,0.038043478
71502,614,301,0.325581395,0.335548173,0.083056478,0.11627907,0.023255814,0,0.063122924,0.053156146
71503,760,383,0.253263708,0.355091384,0.067885117,0.169712794,0.060052219,0,0.054830287,0.039164491
71504,599,265,0.286792453,0.316981132,0.083018868,0.116981132,0.037735849,0,0.098113208,0.060377358
71601,1080,597,0.319932998,0.37520938,0.050251256,0.098827471,0.043551089,0.001675042,0.077051926,0.033500838
71602,1075,277,0.285198556,0.241877256,0.036101083,0.086642599,0.093862816,0.018050542,0.194945848,0.0433213
71603,1113,380,0.302631579,0.294736842,0.047368421,0.060526316,0.092105263,0.002631579,0.15,0.05
80101,1565,882,0.29478458,0.136054422,0.148526077,0.083900227,0.167800454,0.001133787,0.074829932,0.092970522
80102,2419,1440,0.319444444,0.186805556,0.106944444,0.1,0.109722222,0.004166667,0.0875,0.085416667
80103,1065,353,0.345609065,0.21529745,0.082152975,0.104815864,0.053824363,0.011331445,0.133144476,0.053824363
80104,1342,451,0.350332594,0.186252772,0.057649667,0.066518847,0.11308204,0.006651885,0.135254989,0.084257206
80105,1193,403,0.282878412,0.193548387,0.109181141,0.104218362,0.131513648,0.007444169,0.071960298,0.099255583
80106,1153,381,0.333333333,0.238845144,0.062992126,0.094488189,0.083989501,0,0.120734908,0.065616798
80107,1096,357,0.319327731,0.240896359,0.050420168,0.084033613,0.106442577,0.019607843,0.098039216,0.081232493
80201,1810,999,0.328328328,0.192192192,0.089089089,0.076076076,0.143143143,0.008008008,0.069069069,0.094094094
80202,1882,952,0.304621849,0.142857143,0.115546218,0.081932773,0.167016807,0.007352941,0.079831933,0.100840336
80203,2017,1108,0.333032491,0.176895307,0.128158845,0.077617329,0.148916968,0.005415162,0.064079422,0.065884477
80204,1514,547,0.283363803,0.153564899,0.13345521,0.084095064,0.204753199,0.010968921,0.047531993,0.08226691
80205,1330,444,0.301801802,0.123873874,0.153153153,0.056306306,0.213963964,0,0.036036036,0.114864865
80206,1211,455,0.287912088,0.142857143,0.112087912,0.052747253,0.173626374,0.004395604,0.092307692,0.134065934
80207,1130,417,0.304556355,0.129496403,0.117505995,0.052757794,0.182254197,0.004796163,0.064748201,0.143884892
80208,1586,468,0.30982906,0.14957265,0.143162393,0.085470085,0.11965812,0.004273504,0.076923077,0.111111111
80209,1697,584,0.265410959,0.131849315,0.135273973,0.107876712,0.207191781,0.001712329,0.070205479,0.080479452
80301,2328,1282,0.390015601,0.209048362,0.063182527,0.071762871,0.069422777,0.011700468,0.124804992,0.060062402
80302,1068,291,0.367697595,0.158075601,0.085910653,0.082474227,0.096219931,0,0.10652921,0.103092784
80303,1234,420,0.366666667,0.223809524,0.078571429,0.078571429,0.09047619,0.002380952,0.09047619,0.069047619
80304,1522,379,0.35883905,0.147757256,0.031662269,0.060686016,0.118733509,0.002638522,0.19525066,0.084432718
80305,1236,274,0.354014599,0.164233577,0.069343066,0.02919708,0.091240876,0.040145985,0.138686131,0.113138686
80401,1317,660,0.386363636,0.183333333,0.059090909,0.056060606,0.116666667,0.003030303,0.1,0.095454545
80402,1882,990,0.344444444,0.212121212,0.075757576,0.1,0.08989899,0.002020202,0.090909091,0.084848485
80403,1031,340,0.394117647,0.194117647,0.055882353,0.088235294,0.117647059,0.011764706,0.067647059,0.070588235
80404,1149,424,0.346698113,0.174528302,0.080188679,0.056603774,0.115566038,0.004716981,0.134433962,0.087264151
80405,1173,397,0.385390428,0.146095718,0.120906801,0.078085642,0.105793451,0,0.088161209,0.075566751
80406,1328,439,0.318906606,0.211845103,0.08428246,0.086560364,0.134396355,0.006833713,0.102505695,0.054669704
80501,2567,1399,0.331665475,0.25375268,0.066476054,0.112223016,0.065761258,0.004288778,0.104360257,0.06147248
80502,955,232,0.245689655,0.288793103,0.064655172,0.081896552,0.107758621,0.021551724,0.120689655,0.068965517
80503,1356,508,0.277559055,0.261811024,0.106299213,0.143700787,0.061023622,0.005905512,0.100393701,0.043307087
80504,651,293,0.262798635,0.344709898,0.085324232,0.119453925,0.078498294,0.003412969,0.058020478,0.04778157
80505,1062,402,0.36318408,0.26119403,0.077114428,0.10199005,0.072139303,0,0.077114428,0.047263682
80506,673,239,0.255230126,0.221757322,0.071129707,0.129707113,0.10460251,0.016736402,0.142259414,0.058577406
80507,669,230,0.356521739,0.234782609,0.134782609,0.086956522,0.069565217,0.008695652,0.065217391,0.043478261
80601,1699,1265,0.323320158,0.3256917,0.060079051,0.120948617,0.054545455,0.001581028,0.060869565,0.052964427
80602,1360,987,0.335359676,0.281661601,0.054711246,0.119554205,0.061803445,0.002026342,0.090172239,0.054711246
80603,973,381,0.257217848,0.330708661,0.073490814,0.094488189,0.083989501,0.002624672,0.070866142,0.086614173
80604,779,357,0.280112045,0.37535014,0.047619048,0.112044818,0.058823529,0,0.072829132,0.053221289
80605,2062,771,0.31387808,0.274967575,0.083009079,0.106355383,0.050583658,0.014267185,0.097276265,0.059662776
80606,844,322,0.304347826,0.270186335,0.086956522,0.127329193,0.049689441,0.00931677,0.118012422,0.034161491
80607,717,199,0.341708543,0.16080402,0.055276382,0.100502513,0.120603015,0,0.120603015,0.100502513
80701,1391,973,0.243576567,0.34635149,0.091469681,0.156217883,0.045220966,0,0.058581706,0.058581706
80702,1315,958,0.303757829,0.313152401,0.089770355,0.145093946,0.049060543,0.002087683,0.054279749,0.042797495
80703,1641,1141,0.295354952,0.33479404,0.078001753,0.159509202,0.035933392,0,0.055214724,0.041191937
80704,1238,453,0.284768212,0.249448124,0.099337748,0.130242826,0.070640177,0,0.08388521,0.081677704
80705,671,336,0.258928571,0.386904762,0.107142857,0.136904762,0.017857143,0,0.044642857,0.047619048
80706,615,241,0.232365145,0.373443983,0.070539419,0.132780083,0.078838174,0,0.070539419,0.041493776
80707,929,431,0.187935035,0.382830626,0.081206497,0.160092807,0.067285383,0,0.083526682,0.03712297
80708,615,327,0.235474006,0.385321101,0.079510703,0.180428135,0.048929664,0,0.051987768,0.018348624
80709,641,264,0.242424242,0.321969697,0.075757576,0.170454545,0.064393939,0.003787879,0.056818182,0.064393939
80710,705,332,0.295180723,0.31626506,0.105421687,0.129518072,0.042168675,0,0.057228916,0.054216867
80801,1401,1051,0.174119886,0.424357755,0.071360609,0.233111323,0.027592769,0,0.039010466,0.030447193
80802,1275,964,0.247925311,0.384854772,0.053941909,0.187759336,0.040456432,0,0.040456432,0.044605809
80803,1500,1198,0.270450751,0.338063439,0.070116861,0.150250417,0.029215359,0,0.097662771,0.044240401
80804,712,343,0.224489796,0.416909621,0.04664723,0.206997085,0.023323615,0,0.040816327,0.040816327
80805,1089,525,0.234285714,0.363809524,0.074285714,0.163809524,0.055238095,0,0.078095238,0.03047619
80806,794,241,0.248962656,0.365145228,0.058091286,0.124481328,0.070539419,0.008298755,0.066390041,0.058091286
80807,705,315,0.323809524,0.320634921,0.041269841,0.136507937,0.022222222,0.003174603,0.073015873,0.079365079
80808,665,266,0.244360902,0.327067669,0.082706767,0.146616541,0.071428571,0,0.07518797,0.052631579
80809,610,239,0.209205021,0.334728033,0.083682008,0.121338912,0.09623431,0,0.112970711,0.041841004
80810,1124,489,0.298568507,0.308793456,0.098159509,0.098159509,0.063394683,0,0.055214724,0.077709611
80811,731,351,0.301994302,0.336182336,0.054131054,0.156695157,0.034188034,0,0.065527066,0.051282051
80812,642,345,0.243478261,0.397101449,0.060869565,0.162318841,0.04057971,0,0.052173913,0.043478261
80901,1817,1191,0.3131822,0.336691856,0.041141898,0.13434089,0.041981528,0.001679261,0.086481948,0.04450042
80902,987,261,0.390804598,0.16091954,0.049808429,0.084291188,0.053639847,0.007662835,0.149425287,0.103448276
80903,850,247,0.36437247,0.206477733,0.044534413,0.085020243,0.060728745,0.004048583,0.190283401,0.044534413
80904,620,252,0.321428571,0.253968254,0.031746032,0.095238095,0.103174603,0,0.123015873,0.071428571
80905,612,221,0.330316742,0.271493213,0.031674208,0.085972851,0.095022624,0,0.140271493,0.045248869
80906,589,292,0.23630137,0.373287671,0.058219178,0.089041096,0.058219178,0.010273973,0.126712329,0.047945205
80907,468,105,0.247619048,0.428571429,0.085714286,0.057142857,0.019047619,0,0.095238095,0.066666667
90101,1547,801,0.308364544,0.235955056,0.084893883,0.098626717,0.103620474,0.004993758,0.072409488,0.09113608
90102,1874,1052,0.326996198,0.206273764,0.105513308,0.106463878,0.117870722,0.00095057,0.05608365,0.079847909
90103,1866,1070,0.31588785,0.185046729,0.142056075,0.098130841,0.121495327,0.002803738,0.04953271,0.085046729
90104,2119,1196,0.294314381,0.184782609,0.153846154,0.086120401,0.137959866,0.001672241,0.056020067,0.085284281
90105,1686,961,0.29760666,0.201873049,0.119667014,0.086368366,0.147762747,0.003121748,0.069719043,0.073881374
90106,1586,946,0.33615222,0.165961945,0.109936575,0.098308668,0.125792812,0.00422833,0.070824524,0.088794926
90107,1681,1321,0.292202877,0.21650265,0.124148372,0.121877366,0.115064345,0.005299016,0.055261166,0.069644209
90108,742,331,0.256797583,0.157099698,0.141993958,0.078549849,0.223564955,0.012084592,0.045317221,0.084592145
90109,786,347,0.259365994,0.146974063,0.172910663,0.057636888,0.244956772,0,0.040345821,0.077809798
90110,639,234,0.252136752,0.192307692,0.153846154,0.111111111,0.128205128,0,0.081196581,0.081196581
90111,800,337,0.267062315,0.222551929,0.169139466,0.050445104,0.154302671,0.002967359,0.056379822,0.077151335
90112,677,234,0.256410256,0.217948718,0.196581197,0.085470085,0.123931624,0.008547009,0.055555556,0.055555556
90113,1042,330,0.296969697,0.151515152,0.139393939,0.072727273,0.154545455,0.009090909,0.072727273,0.103030303
90114,1145,408,0.291666667,0.176470588,0.12254902,0.056372549,0.200980392,0.004901961,0.058823529,0.088235294
90115,1019,374,0.278074866,0.163101604,0.176470588,0.090909091,0.187165775,0.005347594,0.048128342,0.050802139
90116,889,388,0.265463918,0.152061856,0.152061856,0.079896907,0.18814433,0,0.056701031,0.105670103
90117,1733,680,0.261764706,0.25,0.105882353,0.132352941,0.089705882,0.002941176,0.075,0.082352941
90118,1435,494,0.275303644,0.141700405,0.151821862,0.074898785,0.186234818,0.012145749,0.082995951,0.074898785
90119,1324,453,0.249448124,0.130242826,0.134657837,0.090507726,0.198675497,0.017660044,0.04415011,0.134657837
90120,1067,251,0.274900398,0.139442231,0.123505976,0.051792829,0.19123506,0.011952191,0.079681275,0.12749004
90121,1092,279,0.326164875,0.11827957,0.132616487,0.068100358,0.129032258,0.003584229,0.111111111,0.111111111
90122,727,379,0.240105541,0.284960422,0.073878628,0.137203166,0.08707124,0,0.089709763,0.08707124
90123,726,278,0.269784173,0.269784173,0.115107914,0.09352518,0.100719424,0.007194245,0.064748201,0.079136691
90201,1696,1084,0.387453875,0.197416974,0.082103321,0.096863469,0.087638376,0.003690037,0.081180812,0.063653137
90202,948,322,0.329192547,0.201863354,0.114906832,0.077639752,0.102484472,0.00621118,0.096273292,0.071428571
90203,1142,343,0.358600583,0.145772595,0.087463557,0.090379009,0.125364431,0,0.104956268,0.087463557
90204,1148,279,0.340501792,0.17562724,0.068100358,0.035842294,0.157706093,0.021505376,0.096774194,0.103942652
90301,1822,970,0.339175258,0.231958763,0.057731959,0.098969072,0.086597938,0.005154639,0.101030928,0.079381443
90302,1278,892,0.326233184,0.261210762,0.088565022,0.110986547,0.085201794,0.00896861,0.045964126,0.072869955
90303,681,265,0.211320755,0.18490566,0.132075472,0.071698113,0.132075472,0.037735849,0.109433962,0.120754717
90304,1101,320,0.365625,0.15625,0.10625,0.05625,0.096875,0.021875,0.1125,0.084375
90305,1300,491,0.315682281,0.16496945,0.126272912,0.083503055,0.134419552,0.00203666,0.083503055,0.089613035
90306,1288,485,0.325773196,0.216494845,0.103092784,0.111340206,0.098969072,0.008247423,0.082474227,0.053608247
90307,703,328,0.347560976,0.274390244,0.067073171,0.097560976,0.073170732,0.015243902,0.079268293,0.045731707
90308,568,199,0.281407035,0.24120603,0.075376884,0.120603015,0.100502513,0.005025126,0.085427136,0.090452261
90401,1286,972,0.291152263,0.283950617,0.108024691,0.124485597,0.086419753,0.004115226,0.052469136,0.049382716
90402,1730,1033,0.339787028,0.222652469,0.095837367,0.094869313,0.087124879,0.007744434,0.085188771,0.066795741
90403,1738,1077,0.317548747,0.256267409,0.088207985,0.123491179,0.071494893,0.00185701,0.082636955,0.058495822
90404,1889,1132,0.300353357,0.296819788,0.083038869,0.121908127,0.076855124,0.002650177,0.078621908,0.03975265
90405,1197,468,0.352564103,0.211538462,0.05982906,0.098290598,0.057692308,0.008547009,0.123931624,0.087606838
90406,1218,346,0.297687861,0.179190751,0.083815029,0.069364162,0.130057803,0.002890173,0.144508671,0.092485549
90407,1355,554,0.317689531,0.182310469,0.104693141,0.120938628,0.09566787,0,0.084837545,0.093862816
90408,1022,352,0.375,0.201704545,0.107954545,0.090909091,0.079545455,0.002840909,0.088068182,0.053977273
90409,1143,425,0.331764706,0.275294118,0.077647059,0.101176471,0.075294118,0,0.105882353,0.032941176
90410,1158,345,0.420289855,0.194202899,0.08115942,0.069565217,0.098550725,0.002898551,0.060869565,0.072463768
90411,1183,503,0.248508946,0.294234592,0.099403579,0.125248509,0.087475149,0.001988072,0.06361829,0.079522863
90412,657,311,0.327974277,0.279742765,0.102893891,0.106109325,0.07073955,0,0.057877814,0.054662379
90413,626,316,0.262658228,0.338607595,0.101265823,0.136075949,0.069620253,0,0.060126582,0.03164557
90501,1540,1104,0.323369565,0.276268116,0.121376812,0.115942029,0.06884058,0.000905797,0.045289855,0.048007246
90502,1303,920,0.341304348,0.259782609,0.092391304,0.115217391,0.072826087,0.001086957,0.054347826,0.063043478
90503,1261,949,0.304531085,0.311907271,0.100105374,0.10748156,0.070600632,0.002107482,0.05374078,0.049525817
90504,1558,1095,0.252054795,0.327853881,0.086757991,0.169863014,0.065753425,0,0.061187215,0.03652968
90505,1306,872,0.316513761,0.290137615,0.097477064,0.131880734,0.066513761,0,0.058486239,0.038990826
90506,1321,917,0.307524537,0.307524537,0.107960742,0.13304253,0.046892039,0,0.047982552,0.049073064
90507,771,353,0.322946176,0.249291785,0.101983003,0.127478754,0.082152975,0,0.067988669,0.04815864
90508,721,278,0.338129496,0.179856115,0.118705036,0.14028777,0.104316547,0,0.086330935,0.032374101
90509,1394,567,0.366843034,0.223985891,0.141093474,0.109347443,0.070546737,0,0.042328042,0.045855379
90510,665,316,0.291139241,0.310126582,0.113924051,0.094936709,0.050632911,0,0.101265823,0.037974684
90511,621,339,0.327433628,0.235988201,0.10619469,0.203539823,0.041297935,0,0.03539823,0.050147493
90512,583,278,0.23381295,0.428057554,0.107913669,0.118705036,0.032374101,0,0.050359712,0.028776978
90513,642,329,0.246200608,0.288753799,0.136778116,0.161094225,0.085106383,0.003039514,0.060790274,0.018237082
90514,658,304,0.273026316,0.342105263,0.095394737,0.157894737,0.052631579,0,0.046052632,0.032894737
90515,645,320,0.196875,0.346875,0.14375,0.18125,0.059375,0,0.053125,0.01875
90516,544,266,0.248120301,0.281954887,0.112781955,0.214285714,0.037593985,0,0.082706767,0.022556391
90517,619,303,0.273927393,0.293729373,0.112211221,0.122112211,0.079207921,0,0.082508251,0.03630363
90518,629,318,0.257861635,0.323899371,0.113207547,0.128930818,0.059748428,0.009433962,0.062893082,0.044025157
90519,703,356,0.331460674,0.258426966,0.117977528,0.115168539,0.081460674,0,0.04494382,0.050561798
90520,645,322,0.291925466,0.232919255,0.164596273,0.111801242,0.071428571,0.00931677,0.055900621,0.062111801
90521,693,371,0.288409704,0.28032345,0.137466307,0.161725067,0.045822102,0,0.051212938,0.035040431
90522,569,273,0.267399267,0.293040293,0.117216117,0.139194139,0.06959707,0,0.076923077,0.036630037
90523,663,287,0.324041812,0.236933798,0.083623693,0.118466899,0.114982578,0.003484321,0.073170732,0.045296167
90601,1431,1126,0.341030195,0.238010657,0.103907638,0.121669627,0.056838366,0,0.085257549,0.053285968
90602,1419,1055,0.381990521,0.283412322,0.068246445,0.093838863,0.058767773,0.002843602,0.069194313,0.041706161
90603,1721,1141,0.382997371,0.273444347,0.06485539,0.126205083,0.041191937,0.000876424,0.065731814,0.044697634
90604,1214,421,0.399049881,0.237529691,0.057007126,0.097387173,0.047505938,0.002375297,0.102137767,0.057007126
90605,1414,481,0.345114345,0.22037422,0.076923077,0.103950104,0.06029106,0.004158004,0.122661123,0.066528067
90606,716,320,0.315625,0.253125,0.096875,0.11875,0.06875,0.00625,0.065625,0.075
90607,665,231,0.324675325,0.311688312,0.082251082,0.112554113,0.03030303,0,0.056277056,0.082251082
90608,646,270,0.340740741,0.318518519,0.096296296,0.074074074,0.051851852,0,0.062962963,0.055555556
90609,727,324,0.333333333,0.311728395,0.080246914,0.086419753,0.043209877,0,0.067901235,0.077160494
90610,939,373,0.319034853,0.249329759,0.104557641,0.139410188,0.058981233,0.008042895,0.08310992,0.037533512
90611,844,340,0.341176471,0.305882353,0.079411765,0.126470588,0.044117647,0,0.058823529,0.044117647
90612,590,269,0.342007435,0.327137546,0.089219331,0.118959108,0.037174721,0,0.044609665,0.040892193
90613,535,264,0.382575758,0.257575758,0.147727273,0.075757576,0.071969697,0,0.053030303,0.011363636
90701,1819,1110,0.337837838,0.289189189,0.062162162,0.101801802,0.064864865,0,0.08018018,0.063963964
90702,2237,1185,0.370464135,0.256540084,0.075949367,0.090295359,0.076793249,0.005063291,0.086075949,0.038818565
90703,1158,437,0.347826087,0.2402746,0.105263158,0.114416476,0.061784897,0,0.082379863,0.04805492
90704,729,338,0.295857988,0.221893491,0.094674556,0.165680473,0.085798817,0,0.073964497,0.062130178
90705,703,315,0.304761905,0.257142857,0.092063492,0.13015873,0.076190476,0,0.076190476,0.063492063
90706,698,361,0.274238227,0.340720222,0.099722992,0.152354571,0.047091413,0,0.049861496,0.03601108
90707,640,260,0.346153846,0.25,0.096153846,0.119230769,0.057692308,0,0.057692308,0.073076923
90708,647,298,0.295302013,0.285234899,0.11409396,0.140939597,0.043624161,0.013422819,0.063758389,0.043624161
90709,716,310,0.306451613,0.293548387,0.05483871,0.158064516,0.087096774,0,0.041935484,0.058064516
90801,1414,797,0.336260979,0.283563363,0.047678795,0.116687578,0.056461731,0.006273526,0.106649937,0.04642409
90802,1578,843,0.31316726,0.322657177,0.046263345,0.099644128,0.0628707,0.005931198,0.099644128,0.049822064
90803,601,269,0.353159851,0.278810409,0.074349442,0.104089219,0.044609665,0,0.100371747,0.044609665
90804,703,249,0.393574297,0.208835341,0.048192771,0.068273092,0.092369478,0,0.112449799,0.076305221
90805,1112,401,0.279301746,0.284289277,0.094763092,0.144638404,0.047381546,0,0.10723192,0.042394015
90806,1061,452,0.314159292,0.300884956,0.077433628,0.086283186,0.068584071,0.002212389,0.081858407,0.068584071
90901,1540,972,0.322016461,0.294238683,0.046296296,0.136831276,0.049382716,0,0.08436214,0.066872428
90902,1316,704,0.359375,0.252840909,0.080965909,0.125,0.029829545,0.001420455,0.095170455,0.055397727
90903,1029,389,0.323907455,0.285347044,0.066838046,0.115681234,0.038560411,0,0.115681234,0.053984576
90904,730,327,0.376146789,0.278287462,0.042813456,0.116207951,0.03058104,0,0.107033639,0.048929664
90905,625,204,0.382352941,0.230392157,0.053921569,0.098039216,0.044117647,0.014705882,0.161764706,0.014705882
90906,656,296,0.293918919,0.277027027,0.043918919,0.135135135,0.054054054,0,0.135135135,0.060810811
90907,709,328,0.326219512,0.320121951,0.027439024,0.12195122,0.048780488,0.006097561,0.079268293,0.070121951